date,day,quarter,department,team,targeted_productivity,smv,wip,over_time,incentive,idle_time,idle_men,no_of_style_change,actual_productivity,no_of_workers
01/01/2015,5,Quarter1,sweing,8,0.8,26.16,1108.0,7080,98,0.0,0,0,0.940725424,32
01/01/2015,5,Quarter1,finishing ,1,0.75,3.94,0.0,960,0,0.0,0,0,0.8865,32
01/01/2015,5,Quarter1,sweing,11,0.8,11.41,968.0,3660,50,0.0,0,0,0.800570492,32
01/01/2015,5,Quarter1,sweing,12,0.8,11.41,968.0,3660,50,0.0,0,0,0.800570492,32
01/01/2015,5,Quarter1,sweing,6,0.8,25.9,1170.0,1920,50,0.0,0,0,0.800381944,32
01/01/2015,5,Quarter1,sweing,7,0.8,25.9,984.0,6720,38,0.0,0,0,0.800125,32
01/01/2015,5,Quarter1,finishing ,2,0.75,3.94,0.0,960,0,0.0,0,0,0.755166667,29
01/01/2015,5,Quarter1,sweing,3,0.75,28.08,795.0,6900,45,0.0,0,0,0.753683478,29
01/01/2015,5,Quarter1,sweing,2,0.75,19.87,733.0,6000,34,0.0,0,0,0.753097531,29
01/01/2015,5,Quarter1,sweing,1,0.75,28.08,681.0,6900,45,0.0,0,0,0.750427826,29
01/01/2015,5,Quarter1,sweing,9,0.7,28.08,872.0,6900,44,0.0,0,0,0.721126957,29
01/01/2015,5,Quarter1,sweing,10,0.75,19.31,578.0,6480,45,0.0,0,0,0.712205247,29
01/01/2015,5,Quarter1,sweing,5,0.8,11.41,668.0,3660,50,0.0,0,0,0.707045902,29
01/01/2015,5,Quarter1,finishing ,10,0.65,3.94,0.0,960,0,0.0,0,0,0.705916667,29
01/01/2015,5,Quarter1,finishing ,8,0.75,2.9,0.0,960,0,0.0,0,0,0.676666667,24
01/01/2015,5,Quarter1,finishing ,4,0.75,3.94,0.0,2160,0,0.0,0,0,0.593055556,26
01/01/2015,5,Quarter1,finishing ,7,0.8,2.9,0.0,960,0,0.0,0,0,0.540729167,26
01/01/2015,5,Quarter1,sweing,4,0.65,23.69,861.0,7200,0,0.0,0,0,0.52118,26
01/01/2015,5,Quarter1,finishing,11,0.7,4.15,0.0,1440,0,0.0,0,0,0.436326389,20
01/03/2015,7,Quarter1,finishing ,4,0.8,4.15,0.0,6600,0,0.0,0,0,0.988024691,32
01/03/2015,7,Quarter1,finishing ,11,0.75,2.9,0.0,5640,0,0.0,0,0,0.987880435,32
01/03/2015,7,Quarter1,finishing ,9,0.8,4.15,0.0,960,0,0.0,0,0,0.956270833,32
01/03/2015,7,Quarter1,finishing ,3,0.75,3.94,0.0,1560,0,0.0,0,0,0.945277778,32
01/03/2015,7,Quarter1,finishing ,1,0.8,3.94,0.0,960,0,0.0,0,0,0.902916667,32
01/03/2015,7,Quarter1,sweing,1,0.8,28.08,772.0,6300,50,0.0,0,0,0.800725314,32
01/03/2015,7,Quarter1,sweing,3,0.8,28.08,913.0,6540,50,0.0,0,0,0.800322936,32
01/03/2015,7,Quarter1,sweing,8,0.8,26.16,1261.0,7080,50,0.0,0,0,0.800318644,32
01/03/2015,7,Quarter1,sweing,12,0.8,26.16,844.0,7080,63,0.0,0,0,0.800318644,32
01/03/2015,7,Quarter1,sweing,11,0.8,11.61,1005.0,7080,50,0.0,0,0,0.800237288,32
01/03/2015,7,Quarter1,sweing,5,0.8,11.61,659.0,7080,50,0.0,0,0,0.800148649,32
01/03/2015,7,Quarter1,sweing,6,0.8,25.9,1152.0,6720,50,0.0,0,0,0.800125,32
01/03/2015,7,Quarter1,sweing,7,0.8,25.9,1138.0,6720,38,0.0,0,0,0.800125,32
01/03/2015,7,Quarter1,sweing,10,0.75,19.31,610.0,6480,56,0.0,0,0,0.787299691,29
01/03/2015,7,Quarter1,finishing ,2,0.8,4.15,0.0,960,0,0.0,0,0,0.782447917,29
01/03/2015,7,Quarter1,sweing,2,0.75,19.87,944.0,6600,45,0.0,0,0,0.75024303,29
01/03/2015,7,Quarter1,finishing ,10,0.7,4.15,0.0,960,0,0.0,0,0,0.7018125,29
01/03/2015,7,Quarter1,sweing,4,0.7,23.69,544.0,13800,0,0.0,0,0,0.700134038,29
01/03/2015,7,Quarter1,sweing,9,0.7,28.08,1072.0,6900,40,0.0,0,0,0.699965217,24
01/03/2015,7,Quarter1,finishing ,8,0.8,2.9,0.0,960,0,0.0,0,0,0.628333333,24
01/03/2015,7,Quarter1,finishing ,7,0.8,3.94,0.0,960,0,0.0,0,0,0.6253125,24
01/04/2015,1,Quarter1,finishing ,3,0.75,4.15,0.0,1560,0,0.0,0,0,0.991388889,32
01/04/2015,1,Quarter1,finishing ,9,0.8,3.94,0.0,960,0,0.0,0,0,0.931645833,32
01/04/2015,1,Quarter1,finishing ,1,0.8,3.94,0.0,960,0,0.0,0,0,0.915229167,32
01/04/2015,1,Quarter1,sweing,6,0.8,11.61,539.0,6975,50,0.0,0,0,0.879714482,32
01/04/2015,1,Quarter1,finishing ,4,0.8,3.94,0.0,6600,0,0.0,0,0,0.861679012,32
01/04/2015,1,Quarter1,sweing,9,0.8,26.16,1278.0,7080,60,0.0,0,0,0.850569492,32
01/04/2015,1,Quarter1,sweing,7,0.8,25.9,1227.0,7020,60,0.0,0,0,0.850436438,32
01/04/2015,1,Quarter1,sweing,8,0.8,25.9,1039.0,6780,45,0.0,0,0,0.850345133,32
01/04/2015,1,Quarter1,sweing,4,0.8,28.08,878.0,4260,50,0.0,0,0,0.800598058,32
01/04/2015,1,Quarter1,sweing,1,0.8,26.16,1033.0,7080,63,0.0,0,0,0.800318644,32
01/04/2015,1,Quarter1,sweing,2,0.8,28.08,782.0,6660,50,0.0,0,0,0.800237838,32
01/04/2015,1,Quarter1,sweing,12,0.8,11.61,1216.0,6975,50,0.0,0,0,0.800030199,32
01/04/2015,1,Quarter1,finishing ,2,0.8,3.94,0.0,960,0,0.0,0,0,0.792104167,29
01/04/2015,1,Quarter1,finishing ,10,0.7,3.94,0.0,4320,0,0.0,0,0,0.759228395,29
01/04/2015,1,Quarter1,sweing,11,0.75,19.31,513.0,6480,45,0.0,0,0,0.750348457,29
01/04/2015,1,Quarter1,sweing,3,0.75,19.87,734.0,6600,45,0.0,0,0,0.75024303,29
01/04/2015,1,Quarter1,sweing,10,0.7,28.08,1202.0,6900,40,0.0,0,0,0.699965217,24
01/04/2015,1,Quarter1,finishing ,8,0.8,2.9,0.0,960,0,0.0,0,0,0.682708333,24
01/04/2015,1,Quarter1,finishing ,7,0.8,2.9,0.0,960,0,0.0,0,0,0.667604167,24
01/04/2015,1,Quarter1,sweing,5,0.7,45.67,884.0,6960,26,0.0,0,0,0.603432184,24
01/04/2015,1,Quarter1,finishing ,11,0.75,4.15,0.0,960,0,0.0,0,0,0.345833333,15
01/05/2015,2,Quarter1,finishing ,1,0.8,3.94,0.0,1920,0,0.0,0,0,0.961059028,32
01/05/2015,2,Quarter1,finishing ,11,0.8,3.94,0.0,2400,0,0.0,0,0,0.939513889,32
01/05/2015,2,Quarter1,finishing ,4,0.8,3.94,0.0,3840,0,0.0,0,0,0.893663194,32
01/05/2015,2,Quarter1,finishing ,3,0.75,4.15,0.0,1920,0,0.0,0,0,0.875390625,32
01/05/2015,2,Quarter1,sweing,9,0.8,26.16,1227.0,7080,75,0.0,0,0,0.850569492,32
01/05/2015,2,Quarter1,finishing ,9,0.8,2.9,0.0,1920,0,0.0,0,0,0.820833333,32
01/05/2015,2,Quarter1,finishing ,2,0.8,3.94,0.0,960,0,0.0,0,0,0.804416667,32
01/05/2015,2,Quarter1,sweing,7,0.8,25.9,1255.0,6780,50,0.0,0,0,0.800684366,32
01/05/2015,2,Quarter1,sweing,8,0.8,25.9,1047.0,6780,38,0.0,0,0,0.800684366,32
01/05/2015,2,Quarter1,sweing,1,0.8,26.16,1138.0,7080,63,0.0,0,0,0.800318644,32
01/05/2015,2,Quarter1,sweing,11,0.8,19.31,678.0,4800,50,0.0,0,0,0.800250962,32
01/05/2015,2,Quarter1,sweing,6,0.8,11.61,712.0,7200,50,0.0,0,0,0.800246011,32
01/05/2015,2,Quarter1,sweing,12,0.8,11.61,1037.0,7200,50,0.0,0,0,0.800246011,32
01/05/2015,2,Quarter1,sweing,2,0.8,28.08,757.0,6900,50,0.0,0,0,0.800076522,32
01/05/2015,2,Quarter1,sweing,4,0.8,28.08,759.0,6900,50,0.0,0,0,0.800076522,32
01/05/2015,2,Quarter1,finishing ,10,0.75,2.9,0.0,960,0,0.0,0,0,0.763375,29
01/05/2015,2,Quarter1,finishing ,5,0.6,2.9,0.0,960,0,0.0,0,0,0.759270833,29
01/05/2015,2,Quarter1,sweing,10,0.75,28.08,1083.0,7020,45,0.0,0,0,0.7504,29
01/05/2015,2,Quarter1,sweing,3,0.75,19.87,944.0,6600,45,0.0,0,0,0.75024303,29
01/05/2015,2,Quarter1,finishing ,7,0.8,3.94,0.0,960,0,0.0,0,0,0.676666667,24
01/05/2015,2,Quarter1,finishing ,8,0.8,2.9,0.0,960,0,0.0,0,0,0.664583333,24
01/05/2015,2,Quarter1,sweing,5,0.6,21.98,666.0,6960,23,0.0,0,0,0.600028736,24
01/06/2015,3,Quarter1,finishing ,4,0.8,3.94,0.0,4440,0,0.0,0,0,0.966781346,32
01/06/2015,3,Quarter1,finishing ,1,0.8,3.94,0.0,1440,0,0.0,0,0,0.936496212,32
01/06/2015,3,Quarter1,finishing ,3,0.75,4.15,0.0,1800,0,0.0,0,0,0.899166667,32
01/06/2015,3,Quarter1,finishing ,11,0.8,4.15,0.0,2700,0,0.0,0,0,0.888686869,32
01/06/2015,3,Quarter1,finishing ,9,0.8,3.94,0.0,1440,0,0.0,0,0,0.858143939,32
01/06/2015,3,Quarter1,sweing,1,0.8,26.16,1187.0,10620,75,0.0,0,0,0.850502311,32
01/06/2015,3,Quarter1,sweing,9,0.8,26.16,1305.0,10620,75,0.0,0,0,0.850502311,32
01/06/2015,3,Quarter1,finishing ,10,0.75,3.94,0.0,1440,0,0.0,0,0,0.809640152,32
01/06/2015,3,Quarter1,finishing ,2,0.8,3.94,0.0,1440,0,0.0,0,0,0.805909091,32
01/06/2015,3,Quarter1,sweing,2,0.8,28.08,716.0,10350,50,0.0,0,0,0.800594466,32
01/06/2015,3,Quarter1,sweing,4,0.8,28.08,925.0,10350,50,0.0,0,0,0.800594466,32
01/06/2015,3,Quarter1,sweing,3,0.8,19.87,963.0,9900,50,0.0,0,0,0.800273829,32
01/06/2015,3,Quarter1,sweing,12,0.8,11.61,1101.0,5310,50,0.0,0,0,0.800140969,32
01/06/2015,3,Quarter1,sweing,7,0.8,25.9,1035.0,10170,38,0.0,0,0,0.800128721,32
01/06/2015,3,Quarter1,sweing,8,0.8,25.9,1083.0,10170,38,0.0,0,0,0.800128721,32
01/06/2015,3,Quarter1,sweing,6,0.8,11.61,910.0,4470,38,0.0,0,0,0.80007657,32
01/06/2015,3,Quarter1,sweing,10,0.75,28.08,1209.0,10530,45,0.0,0,0,0.750545455,29
01/06/2015,3,Quarter1,sweing,11,0.75,19.31,590.0,9900,45,0.0,0,0,0.750057851,29
01/06/2015,3,Quarter1,finishing ,8,0.8,2.9,0.0,1440,0,0.0,0,0,0.681060606,24
01/06/2015,3,Quarter1,sweing,5,0.65,21.98,808.0,10440,35,0.0,0,0,0.649983281,24
01/06/2015,3,Quarter1,finishing ,7,0.8,2.9,0.0,1440,0,0.0,0,0,0.61625,24
01/07/2015,4,Quarter1,finishing ,1,0.8,3.94,0.0,1440,0,0.0,0,0,0.951420455,32
01/07/2015,4,Quarter1,finishing ,9,0.8,3.94,0.0,1440,0,0.0,0,0,0.880530303,32
01/07/2015,4,Quarter1,sweing,1,0.8,26.16,1179.0,10620,75,0.0,0,0,0.850502311,32
01/07/2015,4,Quarter1,sweing,9,0.8,26.16,1324.0,10620,75,0.0,0,0,0.850502311,32
01/07/2015,4,Quarter1,sweing,8,0.8,25.9,1135.0,10170,60,0.0,0,0,0.850136766,32
01/07/2015,4,Quarter1,finishing ,3,0.75,4.15,0.0,2700,0,0.0,0,0,0.83,32
01/07/2015,4,Quarter1,finishing ,4,0.8,3.94,0.0,4440,0,0.0,0,0,0.827186544,32
01/07/2015,4,Quarter1,finishing ,2,0.8,3.94,0.0,1440,0,0.0,0,0,0.813371212,32
01/07/2015,4,Quarter1,finishing ,10,0.75,3.94,0.0,1440,0,0.0,0,0,0.805909091,32
01/07/2015,4,Quarter1,finishing ,7,0.8,2.9,0.0,1440,0,0.0,0,0,0.804640152,32
01/07/2015,4,Quarter1,sweing,2,0.8,28.08,776.0,10350,63,0.0,0,0,0.800594466,32
01/07/2015,4,Quarter1,sweing,4,0.8,28.08,990.0,10350,50,0.0,0,0,0.800594466,32
01/07/2015,4,Quarter1,sweing,6,0.8,11.41,986.0,5490,50,0.0,0,0,0.800343766,32
01/07/2015,4,Quarter1,sweing,3,0.8,19.87,924.0,9900,50,0.0,0,0,0.800273829,32
01/07/2015,4,Quarter1,sweing,12,0.8,11.61,1120.0,5670,50,0.0,0,0,0.800246753,32
01/07/2015,4,Quarter1,sweing,7,0.8,25.9,1066.0,10170,50,0.0,0,0,0.800128721,32
01/07/2015,4,Quarter1,sweing,10,0.75,28.08,1144.0,10530,69,0.0,0,0,0.8,32
01/07/2015,4,Quarter1,sweing,5,0.7,21.98,413.0,9720,40,0.0,0,0,0.700480831,29
01/07/2015,4,Quarter1,finishing ,8,0.8,2.9,0.0,1440,0,0.0,0,0,0.681060606,24
01/07/2015,4,Quarter1,finishing ,6,0.8,2.9,0.0,1800,0,0.0,0,0,0.666515152,24
01/07/2015,4,Quarter1,sweing,11,0.8,31.83,568.0,9900,40,0.0,0,0,0.412119835,20
01/07/2015,4,Quarter1,finishing ,5,0.7,4.15,0.0,1440,0,0.0,0,0,0.330113636,15
01/08/2015,5,Quarter2,finishing ,1,0.8,3.94,0.0,1440,0,0.0,0,0,0.947689394,32
01/08/2015,5,Quarter2,finishing ,4,0.8,3.94,0.0,12600,0,0.0,0,0,0.919905405,32
01/08/2015,5,Quarter2,sweing,9,0.8,26.16,1216.0,10620,88,0.0,0,0,0.900215716,32
01/08/2015,5,Quarter2,finishing ,9,0.8,3.94,0.0,1440,0,0.0,0,0,0.891723485,32
01/08/2015,5,Quarter2,sweing,1,0.8,26.16,1189.0,10620,75,0.0,0,0,0.850502311,32
01/08/2015,5,Quarter2,sweing,4,0.8,28.08,942.0,10530,75,0.0,0,0,0.850181818,32
01/08/2015,5,Quarter2,sweing,7,0.8,25.9,1050.0,10170,60,0.0,0,0,0.850136766,32
01/08/2015,5,Quarter2,sweing,8,0.8,25.9,1026.0,10170,60,0.0,0,0,0.850136766,32
01/08/2015,5,Quarter2,finishing ,2,0.8,3.94,0.0,1440,0,0.0,0,0,0.835757576,32
01/08/2015,5,Quarter2,finishing ,5,0.7,4.15,0.0,3840,0,0.0,0,0,0.821354167,32
01/08/2015,5,Quarter2,sweing,2,0.8,28.08,783.0,10050,63,0.0,0,0,0.800497246,32
01/08/2015,5,Quarter2,sweing,3,0.8,19.87,857.0,9900,50,0.0,0,0,0.800273829,32
01/08/2015,5,Quarter2,sweing,12,0.8,11.61,548.0,15120,63,0.0,0,0,0.800107143,32
01/08/2015,5,Quarter2,sweing,6,0.8,11.41,411.0,14640,50,0.0,0,0,0.800024932,32
01/08/2015,5,Quarter2,sweing,10,0.75,28.08,1066.0,10530,69,0.0,0,0,0.8,32
01/08/2015,5,Quarter2,finishing ,10,0.75,3.94,0.0,1440,0,0.0,0,0,0.779791667,29
01/08/2015,5,Quarter2,finishing ,8,0.8,2.9,0.0,1440,0,0.0,0,0,0.735984848,29
01/08/2015,5,Quarter2,finishing ,3,0.75,4.15,0.0,2160,0,0.0,0,0,0.712626263,29
01/08/2015,5,Quarter2,finishing ,7,0.8,2.9,0.0,1440,0,0.0,0,0,0.681060606,24
01/08/2015,5,Quarter2,finishing ,11,0.8,4.15,0.0,900,0,0.0,0,0,0.515606061,26
01/08/2015,5,Quarter2,sweing,5,0.7,42.41,724.0,10260,0,0.0,0,0,0.233705476,14
01/08/2015,5,Quarter2,finishing ,1,0.8,3.94,0.0,2160,0,0.0,0,0,0.985,32
01/10/2015,7,Quarter2,finishing ,3,0.75,4.15,0.0,2760,0,0.0,0,0,0.930340376,32
01/10/2015,7,Quarter2,finishing ,4,0.8,3.94,0.0,6000,0,0.0,0,0,0.911589744,32
01/10/2015,7,Quarter2,finishing ,9,0.8,3.94,0.0,1440,0,0.0,0,0,0.858143939,32
01/10/2015,7,Quarter2,sweing,9,0.8,26.16,1122.0,10620,75,0.0,0,0,0.851174114,32
01/10/2015,7,Quarter2,sweing,7,0.8,25.9,970.0,10170,60,0.0,0,0,0.850136766,32
01/10/2015,7,Quarter2,sweing,8,0.8,25.9,1158.0,10170,60,0.0,0,0,0.850136766,32
01/10/2015,7,Quarter2,finishing ,10,0.8,3.94,0.0,1440,0,0.0,0,0,0.846950758,32
01/10/2015,7,Quarter2,finishing ,11,0.8,4.15,0.0,1440,0,0.0,0,0,0.817424242,32
01/10/2015,7,Quarter2,finishing ,2,0.8,3.94,0.0,1440,0,0.0,0,0,0.817102273,32
01/10/2015,7,Quarter2,sweing,4,0.8,28.08,660.0,10440,63,0.0,0,0,0.801028213,32
01/10/2015,7,Quarter2,sweing,2,0.8,28.08,749.0,10350,63,0.0,0,0,0.800594466,32
01/10/2015,7,Quarter2,sweing,12,0.8,11.61,893.0,4710,50,0.0,0,0,0.800346445,32
01/10/2015,7,Quarter2,sweing,6,0.8,11.41,887.0,5490,50,0.0,0,0,0.800343766,32
01/10/2015,7,Quarter2,sweing,1,0.8,26.16,1335.0,10620,63,0.0,0,0,0.800117103,32
01/10/2015,7,Quarter2,sweing,10,0.8,28.08,1082.0,10530,63,0.0,0,0,0.8,32
01/10/2015,7,Quarter2,sweing,3,0.75,19.87,1075.0,7080,45,0.0,0,0,0.750098351,29
01/10/2015,7,Quarter2,sweing,11,0.5,12.52,749.0,9540,38,0.0,0,0,0.673245283,24
01/10/2015,7,Quarter2,finishing ,7,0.8,2.9,0.0,1440,0,0.0,0,0,0.670075758,24
01/10/2015,7,Quarter2,finishing ,8,0.8,2.9,0.0,1440,0,0.0,0,0,0.628882576,24
01/10/2015,7,Quarter2,sweing,5,0.5,20.79,966.0,7680,0,0.0,0,0,0.388007813,15
01/10/2015,7,Quarter2,finishing ,5,0.5,4.15,0.0,1440,0,0.0,0,0,0.337973485,15
01/10/2015,7,Quarter2,finishing ,3,0.75,4.15,0.0,1440,0,0.0,0,0,0.93532197,32
01/11/2015,1,Quarter2,finishing ,4,0.8,3.94,0.0,3600,0,0.0,0,0,0.925643939,32
01/11/2015,1,Quarter2,sweing,9,0.8,26.16,1095.0,10620,88,0.0,0,0,0.900215716,32
01/11/2015,1,Quarter2,finishing ,1,0.8,3.94,0.0,1440,0,0.0,0,0,0.873068182,32
01/11/2015,1,Quarter2,finishing ,9,0.8,3.94,0.0,1440,0,0.0,0,0,0.858143939,32
01/11/2015,1,Quarter2,sweing,1,0.8,26.16,1383.0,10620,75,0.0,0,0,0.850502311,32
01/11/2015,1,Quarter2,sweing,7,0.8,25.9,1012.0,10170,45,0.0,0,0,0.850136766,32
01/11/2015,1,Quarter2,sweing,8,0.8,25.9,1209.0,10170,60,0.0,0,0,0.850136766,32
01/11/2015,1,Quarter2,finishing ,10,0.8,3.94,0.0,1440,0,0.0,0,0,0.828295455,32
01/11/2015,1,Quarter2,finishing ,2,0.8,3.94,0.0,1440,0,0.0,0,0,0.820833333,32
01/11/2015,1,Quarter2,sweing,6,0.8,11.41,887.0,5490,50,0.0,0,0,0.800343766,32
01/11/2015,1,Quarter2,sweing,12,0.8,11.61,896.0,5670,50,0.0,0,0,0.800246753,32
01/11/2015,1,Quarter2,sweing,2,0.8,28.08,805.0,10530,63,0.0,0,0,0.8,32
01/11/2015,1,Quarter2,sweing,10,0.8,28.08,762.0,10530,38,0.0,0,0,0.8,32
01/11/2015,1,Quarter2,sweing,3,0.8,19.87,1043.0,6420,0,0.0,0,0,0.690182815,24
01/11/2015,1,Quarter2,finishing ,11,0.8,4.15,0.0,1440,0,0.0,0,0,0.668087121,24
01/11/2015,1,Quarter2,finishing ,8,0.8,2.9,0.0,1440,0,0.0,0,0,0.653598485,24
01/11/2015,1,Quarter2,finishing ,5,0.5,4.15,0.0,1440,0,0.0,0,0,0.609138258,24
01/11/2015,1,Quarter2,sweing,11,0.6,12.52,831.0,9540,30,0.0,0,0,0.600229846,24
01/11/2015,1,Quarter2,finishing ,6,0.8,2.9,0.0,1440,0,0.0,0,0,0.597348485,26
01/11/2015,1,Quarter2,finishing ,7,0.8,2.9,0.0,1440,0,0.0,0,0,0.590435606,26
01/11/2015,1,Quarter2,sweing,4,0.8,50.48,562.0,10440,0,0.0,0,0,0.473134796,20
01/11/2015,1,Quarter2,sweing,5,0.6,20.79,1208.0,7980,0,0.0,0,0,0.452979626,20
01/11/2015,1,Quarter2,finishing ,1,0.8,3.94,0.0,1440,0,0.0,0,0,0.955151515,32
01/12/2015,2,Quarter2,finishing ,4,0.35,4.3,0.0,3240,0,0.0,0,0,0.942213805,32
01/12/2015,2,Quarter2,finishing ,3,0.8,4.15,0.0,1800,0,0.0,0,0,0.905454545,32
01/12/2015,2,Quarter2,finishing ,2,0.8,3.94,0.0,1440,0,0.0,0,0,0.880530303,32
01/12/2015,2,Quarter2,finishing ,9,0.8,3.94,0.0,1440,0,0.0,0,0,0.858143939,32
01/12/2015,2,Quarter2,sweing,1,0.8,26.16,1099.0,8220,75,0.0,0,0,0.850522167,32
01/12/2015,2,Quarter2,sweing,9,0.8,26.16,1093.0,10620,75,0.0,0,0,0.850502311,32
01/12/2015,2,Quarter2,sweing,7,0.8,25.9,1031.0,10170,60,0.0,0,0,0.850136766,32
01/12/2015,2,Quarter2,sweing,8,0.8,25.9,1233.0,10170,60,0.0,0,0,0.850136766,32
01/12/2015,2,Quarter2,finishing ,6,0.8,2.9,0.0,1440,0,0.0,0,0,0.817424242,32
01/12/2015,2,Quarter2,finishing ,5,0.65,4.15,0.0,1440,0,0.0,0,0,0.809564394,32
01/12/2015,2,Quarter2,sweing,3,0.8,19.87,941.0,9900,0,0.0,0,0,0.800273829,32
01/12/2015,2,Quarter2,sweing,6,0.8,11.41,843.0,5670,50,0.0,0,0,0.800181818,32
01/12/2015,2,Quarter2,sweing,12,0.8,11.61,760.0,4470,50,0.0,0,0,0.80007657,32
01/12/2015,2,Quarter2,sweing,2,0.8,28.08,737.0,10530,63,0.0,0,0,0.8,32
01/12/2015,2,Quarter2,finishing ,8,0.8,2.9,0.0,1440,0,0.0,0,0,0.725,29
01/12/2015,2,Quarter2,sweing,10,0.8,50.48,381.0,6930,45,0.0,0,0,0.688557555,24
01/12/2015,2,Quarter2,sweing,5,0.65,20.79,1141.0,8460,0,0.0,0,0,0.650040783,24
01/12/2015,2,Quarter2,sweing,11,0.65,12.52,1004.0,9540,44,0.0,0,0,0.64998056,24
01/12/2015,2,Quarter2,finishing ,7,0.8,2.9,0.0,1440,0,0.0,0,0,0.648106061,24
01/12/2015,2,Quarter2,finishing ,11,0.8,4.15,0.0,1440,0,0.0,0,0,0.640577652,24
01/12/2015,2,Quarter2,sweing,4,0.35,22.4,581.0,7350,0,0.0,0,0,0.35063299,15
01/12/2015,2,Quarter2,finishing ,10,0.8,3.94,0.0,1440,0,0.0,0,0,0.24625,14
01/12/2015,2,Quarter2,finishing ,4,0.35,4.3,0.0,2160,0,0.0,0,0,0.952020202,32
1/13/2015,3,Quarter2,finishing ,1,0.8,3.94,0.0,1440,0,0.0,0,0,0.951420455,32
1/13/2015,3,Quarter2,finishing ,10,0.8,3.94,0.0,5400,0,0.0,0,0,0.912766667,32
1/13/2015,3,Quarter2,finishing ,3,0.8,4.15,0.0,1620,0,0.0,0,0,0.901262626,32
1/13/2015,3,Quarter2,finishing ,9,0.8,3.94,0.0,1440,0,0.0,0,0,0.858143939,32
1/13/2015,3,Quarter2,sweing,1,0.8,26.16,1073.0,10620,75,0.0,0,0,0.850502311,32
1/13/2015,3,Quarter2,sweing,9,0.8,26.16,1156.0,10620,75,0.0,0,0,0.850502311,32
1/13/2015,3,Quarter2,sweing,8,0.8,25.9,1211.0,10260,60,0.0,0,0,0.850252525,32
1/13/2015,3,Quarter2,sweing,7,0.8,25.9,1126.0,10170,60,0.0,0,0,0.850136766,32
1/13/2015,3,Quarter2,finishing ,5,0.65,4.15,0.0,1440,0,0.0,0,0,0.821354167,32
1/13/2015,3,Quarter2,finishing ,2,0.8,3.94,0.0,1440,0,0.0,0,0,0.805909091,32
1/13/2015,3,Quarter2,sweing,6,0.8,11.61,1004.0,5670,50,0.0,0,0,0.800246753,32
1/13/2015,3,Quarter2,sweing,12,0.8,11.61,1063.0,5670,50,0.0,0,0,0.800246753,32
1/13/2015,3,Quarter2,sweing,2,0.8,28.08,723.0,10530,50,0.0,0,0,0.8,32
1/13/2015,3,Quarter2,sweing,3,0.8,42.27,465.0,9900,54,0.0,0,0,0.705576584,29
1/13/2015,3,Quarter2,finishing ,8,0.8,2.9,0.0,1440,0,0.0,0,0,0.681060606,24
1/13/2015,3,Quarter2,finishing ,7,0.8,2.9,0.0,1440,0,0.0,0,0,0.670075758,24
1/13/2015,3,Quarter2,finishing ,11,0.8,4.15,0.0,1440,0,0.0,0,0,0.601278409,24
1/13/2015,3,Quarter2,sweing,11,0.7,27.13,530.0,9540,37,0.0,0,0,0.582301029,26
1/13/2015,3,Quarter2,sweing,5,0.7,20.79,1297.0,10440,0,0.0,0,0,0.526810345,26
1/13/2015,3,Quarter2,sweing,4,0.5,22.4,783.0,10170,23,0.0,0,0,0.500380799,26
1/13/2015,3,Quarter2,sweing,10,0.35,22.4,715.0,10170,23,0.0,0,0,0.35020649,15
1/13/2015,3,Quarter2,finishing ,11,0.8,4.15,0.0,1980,0,0.0,0,0,0.934607438,32
1/14/2015,4,Quarter2,finishing ,4,0.35,4.3,0.0,2700,0,0.0,0,0,0.908080808,32
1/14/2015,4,Quarter2,sweing,7,0.8,25.9,1150.0,10170,70,0.0,0,0,0.900144811,32
1/14/2015,4,Quarter2,finishing ,1,0.8,3.94,0.0,1440,0,0.0,0,0,0.891723485,32
1/14/2015,4,Quarter2,finishing ,5,0.65,4.15,0.0,1440,0,0.0,0,0,0.864583333,32
1/14/2015,4,Quarter2,finishing ,9,0.8,3.94,0.0,1440,0,0.0,0,0,0.858143939,32
1/14/2015,4,Quarter2,sweing,9,0.8,26.16,1232.0,10620,75,0.0,0,0,0.850502311,32
1/14/2015,4,Quarter2,sweing,8,0.8,25.9,1218.0,10170,60,0.0,0,0,0.850136766,32
1/14/2015,4,Quarter2,finishing ,7,0.8,2.9,0.0,1440,0,0.0,0,0,0.837594697,32
1/14/2015,4,Quarter2,finishing ,3,0.8,4.15,0.0,1440,0,0.0,0,0,0.820833333,32
1/14/2015,4,Quarter2,sweing,12,0.8,11.61,1159.0,2970,50,0.0,0,0,0.800313433,32
1/14/2015,4,Quarter2,sweing,6,0.8,11.61,972.0,5670,38,0.0,0,0,0.800246753,32
1/14/2015,4,Quarter2,sweing,1,0.8,26.16,1092.0,10620,63,0.0,0,0,0.800117103,32
1/14/2015,4,Quarter2,sweing,5,0.7,20.79,965.0,7320,0,0.0,0,0,0.700095563,29
1/14/2015,4,Quarter2,finishing ,8,0.8,2.9,0.0,1440,0,0.0,0,0,0.667329545,24
1/14/2015,4,Quarter2,sweing,4,0.6,22.4,816.0,5100,23,0.0,0,0,0.600369686,24
1/14/2015,4,Quarter2,sweing,10,0.5,22.4,947.0,3390,23,0.0,0,0,0.499980334,20
1/14/2015,4,Quarter2,sweing,11,0.35,14.61,838.0,7200,23,0.0,0,0,0.35003125,15
1/14/2015,4,Quarter2,finishing ,10,0.8,3.94,0.0,1260,0,0.0,0,0,0.332359307,15
1/14/2015,4,Quarter2,sweing,2,0.8,51.02,1086.0,4260,27,0.0,0,0,0.311207464,15
1/14/2015,4,Quarter2,finishing ,2,0.8,3.94,0.0,1260,0,0.0,0,0,0.247316017,14
1/14/2015,4,Quarter3,finishing ,4,0.35,4.3,0.0,3600,0,0.0,0,0,0.988636364,32
1/15/2015,5,Quarter3,finishing ,10,0.8,3.94,0.0,3420,0,0.0,0,0,0.953110048,32
1/15/2015,5,Quarter3,finishing ,1,0.8,3.94,0.0,1440,0,0.0,0,0,0.884261364,32
1/15/2015,5,Quarter3,finishing ,5,0.65,4.15,0.0,1440,0,0.0,0,0,0.860653409,32
1/15/2015,5,Quarter3,finishing ,9,0.8,3.94,0.0,1440,0,0.0,0,0,0.858143939,32
1/15/2015,5,Quarter3,sweing,1,0.8,26.16,1160.0,10620,75,0.0,0,0,0.850502311,32
1/15/2015,5,Quarter3,sweing,8,0.8,25.9,1177.0,8970,60,0.0,0,0,0.850415628,32
1/15/2015,5,Quarter3,sweing,7,0.8,25.9,1281.0,10170,60,0.0,0,0,0.850136766,32
1/15/2015,5,Quarter3,sweing,9,0.8,26.16,1369.0,10620,63,0.0,0,0,0.800117103,32
1/15/2015,5,Quarter3,sweing,6,0.8,11.61,1084.0,4950,38,0.0,0,0,0.80003139,32
1/15/2015,5,Quarter3,sweing,12,0.8,11.61,1216.0,4950,50,0.0,0,0,0.80003139,32
1/15/2015,5,Quarter3,sweing,5,0.7,20.79,391.0,10440,0,0.0,0,0,0.700060345,29
1/15/2015,5,Quarter3,finishing ,7,0.8,2.9,0.0,1440,0,0.0,0,0,0.689299242,24
1/15/2015,5,Quarter3,sweing,3,0.5,22.52,1102.0,10170,30,0.0,0,0,0.660683293,24
1/15/2015,5,Quarter3,sweing,4,0.65,22.52,872.0,10080,26,0.0,0,0,0.650130952,24
1/15/2015,5,Quarter3,finishing ,8,0.8,2.9,0.0,1440,0,0.0,0,0,0.606912879,24
1/15/2015,5,Quarter3,sweing,10,0.6,22.52,1076.0,10170,23,0.0,0,0,0.600291767,24
1/15/2015,5,Quarter3,sweing,11,0.5,14.89,917.0,9900,30,0.0,0,0,0.500025069,26
1/15/2015,5,Quarter3,sweing,2,0.5,22.94,1044.0,9810,23,0.0,0,0,0.499998888,20
1/15/2015,5,Quarter3,finishing ,5,0.65,4.15,0.0,2700,0,0.0,0,0,0.98719697,32
1/17/2015,7,Quarter3,finishing ,2,0.8,3.94,0.0,1800,0,0.0,0,0,0.980909091,32
1/17/2015,7,Quarter3,finishing ,10,0.8,3.94,0.0,1440,0,0.0,0,0,0.974621212,32
1/17/2015,7,Quarter3,finishing ,1,0.8,3.94,0.0,1440,0,0.0,0,0,0.884261364,32
1/17/2015,7,Quarter3,finishing ,9,0.8,3.94,0.0,1800,0,0.0,0,0,0.82680303,32
1/17/2015,7,Quarter3,sweing,6,0.8,11.41,1067.0,5490,63,0.0,0,0,0.800343766,32
1/17/2015,7,Quarter3,sweing,12,0.8,11.61,1039.0,5670,63,0.0,0,0,0.800246753,32
1/17/2015,7,Quarter3,sweing,7,0.8,25.9,1396.0,10170,50,0.0,0,0,0.800128721,32
1/17/2015,7,Quarter3,sweing,8,0.8,25.9,1292.0,10170,50,0.0,0,0,0.800128721,32
1/17/2015,7,Quarter3,sweing,1,0.8,48.68,171.0,10620,63,0.0,0,0,0.800117103,32
1/17/2015,7,Quarter3,sweing,9,0.8,26.16,1128.0,10620,63,0.0,0,0,0.800117103,32
1/17/2015,7,Quarter3,sweing,2,0.6,22.94,865.0,6570,23,0.0,0,0,0.77011398,29
1/17/2015,7,Quarter3,sweing,4,0.7,22.52,825.0,10170,50,0.0,0,0,0.7005417,29
1/17/2015,7,Quarter3,finishing ,8,0.8,2.9,0.0,1440,0,0.0,0,0,0.675568182,24
1/17/2015,7,Quarter3,finishing ,7,0.8,2.9,0.0,1440,0,0.0,0,0,0.661837121,24
1/17/2015,7,Quarter3,sweing,10,0.65,22.52,1163.0,9720,35,0.0,0,0,0.650198653,24
1/17/2015,7,Quarter3,sweing,3,0.6,22.52,1140.0,10170,30,0.0,0,0,0.600291767,24
1/17/2015,7,Quarter3,sweing,11,0.6,14.89,1027.0,10080,38,0.0,0,0,0.600273268,24
1/17/2015,7,Quarter3,finishing ,6,0.8,2.9,0.0,900,0,0.0,0,0,0.465757576,20
1/17/2015,7,Quarter3,sweing,5,0.7,41.19,1052.0,10440,21,0.0,0,0,0.452012539,20
1/17/2015,7,Quarter3,finishing ,11,0.8,4.15,0.0,1260,0,0.0,0,0,0.313852814,15
1/17/2015,7,Quarter3,finishing ,5,0.6,4.15,0.0,1440,0,0.0,0,0,0.852793561,32
1/18/2015,1,Quarter3,finishing ,11,0.65,4.15,0.0,2160,0,0.0,0,0,0.838383838,32
1/18/2015,1,Quarter3,finishing ,6,0.8,2.9,0.0,1800,0,0.0,0,0,0.804848485,32
1/18/2015,1,Quarter3,sweing,6,0.8,11.41,1140.0,5490,63,0.0,0,0,0.800343766,32
1/18/2015,1,Quarter3,sweing,7,0.8,48.84,624.0,10170,50,0.0,0,0,0.800128721,32
1/18/2015,1,Quarter3,sweing,8,0.8,25.9,1288.0,10170,38,0.0,0,0,0.800128721,32
1/18/2015,1,Quarter3,sweing,9,0.8,26.16,1381.0,3660,50,0.0,0,0,0.800015009,32
1/18/2015,1,Quarter3,sweing,4,0.7,22.52,882.0,10170,50,0.0,0,0,0.7005417,29
1/18/2015,1,Quarter3,sweing,10,0.7,22.52,1002.0,10080,40,0.0,0,0,0.700094156,29
1/18/2015,1,Quarter3,finishing ,7,0.8,2.9,0.0,1440,0,0.0,0,0,0.692045455,24
1/18/2015,1,Quarter3,sweing,12,0.8,26.87,585.0,5670,56,0.0,0,0,0.662255892,24
1/18/2015,1,Quarter3,sweing,3,0.65,22.52,1138.0,10170,35,0.0,0,0,0.650416734,24
1/18/2015,1,Quarter3,sweing,11,0.65,14.89,1140.0,10260,44,0.0,0,0,0.650299575,24
1/18/2015,1,Quarter3,sweing,2,0.65,22.94,1025.0,10170,26,0.0,0,0,0.650243497,24
1/18/2015,1,Quarter3,finishing ,8,0.8,2.9,0.0,1440,0,0.0,0,0,0.639867424,24
1/18/2015,1,Quarter3,sweing,5,0.6,20.4,1031.0,10440,30,0.0,0,0,0.600062696,24
1/18/2015,1,Quarter3,finishing ,9,0.8,3.94,0.0,1800,0,0.0,0,0,0.582045455,26
1/18/2015,1,Quarter3,sweing,1,0.8,49.1,1381.0,10350,24,0.0,0,0,0.403242161,20
1/18/2015,1,Quarter3,finishing ,10,0.7,3.94,0.0,1440,0,0.0,0,0,0.235795455,14
1/18/2015,1,Quarter3,finishing ,4,0.7,4.3,0.0,5040,0,0.0,0,0,0.977272727,32
1/19/2015,2,Quarter3,finishing ,9,0.8,3.94,0.0,1800,0,0.0,0,0,0.964106061,32
1/19/2015,2,Quarter3,finishing ,5,0.65,4.15,0.0,1440,0,0.0,0,0,0.958901515,32
1/19/2015,2,Quarter3,sweing,6,0.8,11.41,1028.0,4380,50,0.0,0,0,0.800358775,32
1/19/2015,2,Quarter3,sweing,8,0.8,25.9,1380.0,3630,50,0.0,0,0,0.800162602,32
1/19/2015,2,Quarter3,sweing,9,0.8,26.16,1196.0,10620,63,0.0,0,0,0.800117103,32
1/19/2015,2,Quarter3,finishing ,12,0.8,2.9,0.0,1440,0,0.0,0,0,0.793844697,29
1/19/2015,2,Quarter3,sweing,2,0.7,22.94,1006.0,10170,38,0.0,0,0,0.750517565,29
1/19/2015,2,Quarter3,sweing,4,0.7,22.52,930.0,10260,63,0.0,0,0,0.750068049,29
1/19/2015,2,Quarter3,sweing,3,0.7,22.52,1095.0,10170,50,0.0,0,0,0.750062751,29
1/19/2015,2,Quarter3,sweing,10,0.7,22.52,938.0,10080,63,0.0,0,0,0.750057359,29
1/19/2015,2,Quarter3,sweing,11,0.7,14.89,1484.0,10260,50,0.0,0,0,0.700170388,29
1/19/2015,2,Quarter3,finishing ,8,0.8,2.9,0.0,1440,0,0.0,0,0,0.683806818,24
1/19/2015,2,Quarter3,sweing,5,0.65,20.4,1255.0,8280,35,0.0,0,0,0.650066445,24
1/19/2015,2,Quarter3,sweing,7,0.8,48.84,1040.0,10260,30,0.0,0,0,0.576460393,26
1/19/2015,2,Quarter3,sweing,1,0.5,22.94,1492.0,10170,30,0.0,0,0,0.549969429,26
1/19/2015,2,Quarter3,finishing ,10,0.7,3.94,0.0,1440,0,0.0,0,0,0.538399621,26
1/19/2015,2,Quarter3,finishing ,11,0.7,4.15,0.0,1440,0,0.0,0,0,0.409545455,20
1/19/2015,2,Quarter3,sweing,12,0.35,15.26,1111.0,6120,23,0.0,0,0,0.35021836,15
1/19/2015,2,Quarter3,finishing ,5,0.7,4.15,0.0,1440,0,0.0,0,0,1.033570076,31
1/20/2015,3,Quarter3,sweing,6,0.8,11.41,1047.0,5580,63,0.0,0,0,0.800261486,32
1/20/2015,3,Quarter3,sweing,8,0.8,25.9,1434.0,10170,50,0.0,0,0,0.800128721,32
1/20/2015,3,Quarter3,sweing,9,0.8,26.16,399.0,10620,63,0.0,0,0,0.800117103,32
1/20/2015,3,Quarter3,sweing,4,0.7,22.52,983.0,10260,63,0.0,0,0,0.750068049,29
1/20/2015,3,Quarter3,sweing,10,0.7,22.52,1108.0,10080,63,0.0,0,0,0.750057359,29
1/20/2015,3,Quarter3,sweing,3,0.7,22.52,1134.0,8460,50,0.0,0,0,0.750037968,29
1/20/2015,3,Quarter3,sweing,2,0.7,22.94,1363.0,10260,50,0.0,0,0,0.750031898,29
1/20/2015,3,Quarter3,finishing ,9,0.8,3.94,0.0,1800,0,0.0,0,0,0.72830303,29
1/20/2015,3,Quarter3,sweing,11,0.7,14.89,1501.0,10260,50,0.0,0,0,0.700170388,29
1/20/2015,3,Quarter3,sweing,5,0.7,20.4,1352.0,10260,50,0.0,0,0,0.700063796,29
1/20/2015,3,Quarter3,finishing ,8,0.8,2.9,0.0,1440,0,0.0,0,0,0.639867424,24
1/20/2015,3,Quarter3,sweing,12,0.5,15.26,1352.0,3720,23,0.0,0,0,0.500290419,26
1/20/2015,3,Quarter3,sweing,7,0.35,22.94,1450.0,10080,30,0.0,0,0,0.400332792,20
1/20/2015,3,Quarter3,finishing ,11,0.7,4.15,0.0,2700,0,0.0,0,0,0.362666667,15
1/20/2015,3,Quarter3,finishing ,4,0.75,4.3,0.0,6000,0,0.0,0,0,0.978525641,32
1/21/2015,4,Quarter3,finishing ,2,0.7,3.94,0.0,5100,0,0.0,0,0,0.912202112,32
1/21/2015,4,Quarter3,sweing,4,0.75,22.52,825.0,10080,94,0.0,0,0,0.900556277,32
1/21/2015,4,Quarter3,sweing,6,0.8,11.61,916.0,5760,75,0.0,0,0,0.850410511,32
1/21/2015,4,Quarter3,finishing ,9,0.8,3.94,0.0,2400,0,0.0,0,0,0.827147436,32
1/21/2015,4,Quarter3,sweing,8,0.8,25.9,562.0,7470,38,0.0,0,0,0.800436542,32
1/21/2015,4,Quarter3,sweing,2,0.7,22.94,1422.0,10500,60,0.0,0,0,0.800415742,32
1/21/2015,4,Quarter3,sweing,10,0.7,22.52,1206.0,10080,75,0.0,0,0,0.800020563,32
1/21/2015,4,Quarter3,finishing ,5,0.7,4.15,0.0,2400,0,0.0,0,0,0.758173077,29
1/21/2015,4,Quarter3,sweing,5,0.7,20.4,1404.0,10440,50,0.0,0,0,0.750344828,29
1/21/2015,4,Quarter3,sweing,3,0.7,22.52,1139.0,10260,63,0.0,0,0,0.750068049,29
1/21/2015,4,Quarter3,sweing,11,0.7,14.89,1735.0,10260,50,0.0,0,0,0.700170388,29
1/21/2015,4,Quarter3,sweing,1,0.65,22.94,1595.0,10260,34,0.0,0,0,0.700029771,29
1/21/2015,4,Quarter3,sweing,12,0.6,15.26,1245.0,6360,23,0.0,0,0,0.60017284,24
1/21/2015,4,Quarter3,finishing ,8,0.8,2.9,0.0,2400,0,0.0,0,0,0.594871795,26
1/21/2015,4,Quarter3,sweing,9,0.8,54.56,757.0,4140,29,0.0,0,0,0.520237649,26
1/21/2015,4,Quarter3,finishing ,1,0.65,3.94,0.0,2400,0,0.0,0,0,0.505128205,26
1/21/2015,4,Quarter3,sweing,7,0.5,22.52,1720.0,10080,23,0.0,0,0,0.500241342,26
1/21/2015,4,Quarter3,finishing ,11,0.7,4.15,0.0,2700,0,0.0,0,0,0.470769231,20
1/21/2015,4,Quarter4,finishing ,7,0.6,3.94,0.0,6000,0,0.0,0,0,0.957638889,32
1/22/2015,5,Quarter4,finishing ,10,0.75,3.94,0.0,8400,0,0.0,0,0,0.940701058,32
1/22/2015,5,Quarter4,sweing,4,0.75,22.52,759.0,10080,81,0.0,0,0,0.849983766,32
1/22/2015,5,Quarter4,sweing,2,0.7,22.94,1510.0,10620,60,0.0,0,0,0.800302791,32
1/22/2015,5,Quarter4,sweing,6,0.8,11.61,955.0,6360,63,0.0,0,0,0.800191989,32
1/22/2015,5,Quarter4,sweing,10,0.75,22.52,1328.0,10080,55,0.0,0,0,0.800020563,32
1/22/2015,5,Quarter4,sweing,1,0.7,22.94,1384.0,12180,63,0.0,0,0,0.750162367,29
1/22/2015,5,Quarter4,sweing,3,0.7,22.52,1244.0,10260,63,0.0,0,0,0.750068049,29
1/22/2015,5,Quarter4,finishing ,5,0.7,4.15,0.0,9000,0,0.0,0,0,0.742901235,29
1/22/2015,5,Quarter4,sweing,5,0.7,20.4,1480.0,10440,40,0.0,0,0,0.700250784,29
1/22/2015,5,Quarter4,sweing,11,0.7,14.89,1863.0,10260,50,0.0,0,0,0.700170388,29
1/22/2015,5,Quarter4,finishing ,4,0.75,4.3,0.0,9000,0,0.0,0,0,0.670216049,24
1/22/2015,5,Quarter4,finishing ,1,0.7,3.94,0.0,15000,0,0.0,0,0,0.649662222,24
1/22/2015,5,Quarter4,finishing ,2,0.7,3.94,0.0,15000,0,0.0,0,0,0.649662222,24
1/22/2015,5,Quarter4,finishing ,6,0.8,2.9,0.0,4800,0,0.0,0,0,0.626822917,24
1/22/2015,5,Quarter4,sweing,12,0.6,15.26,1492.0,6960,23,0.0,0,0,0.600436426,24
1/22/2015,5,Quarter4,sweing,7,0.6,22.52,1859.0,10260,23,0.0,0,0,0.60041361,24
1/22/2015,5,Quarter4,sweing,8,0.8,40.99,980.0,10770,30,0.0,0,0,0.555500132,26
1/22/2015,5,Quarter4,sweing,9,0.5,29.12,970.0,10440,30,0.0,0,0,0.500547544,26
1/22/2015,5,Quarter4,finishing ,3,0.7,3.94,0.0,12000,0,0.0,0,0,0.460578704,20
1/22/2015,5,Quarter4,finishing ,8,0.8,2.9,0.0,4800,0,0.0,0,0,0.397743056,15
1/22/2015,5,Quarter4,finishing ,12,0.6,4.08,0.0,5400,0,0.0,0,0,0.327407407,15
1/22/2015,5,Quarter4,finishing ,5,0.7,4.15,0.0,2700,0,0.0,0,0,0.966666667,32
1/24/2015,7,Quarter4,finishing ,10,0.75,3.94,0.0,1800,0,0.0,0,0,0.937242424,32
1/24/2015,7,Quarter4,finishing ,8,0.8,2.9,0.0,1620,0,0.0,0,0,0.910521886,32
1/24/2015,7,Quarter4,sweing,2,0.75,22.94,1606.0,10260,94,0.0,0,0,0.90064806,32
1/24/2015,7,Quarter4,sweing,4,0.75,22.52,727.0,10260,94,0.0,0,0,0.900321106,32
1/24/2015,7,Quarter4,finishing ,11,0.75,4.15,0.0,1800,0,0.0,0,0,0.896022727,32
1/24/2015,7,Quarter4,finishing ,3,0.75,3.94,0.0,1440,0,0.0,0,0,0.895454545,32
1/24/2015,7,Quarter4,finishing ,7,0.65,3.94,0.0,2160,0,0.0,0,0,0.870580808,32
1/24/2015,7,Quarter4,finishing ,12,0.7,4.08,0.0,1620,0,0.0,0,0,0.858585859,32
1/24/2015,7,Quarter4,sweing,1,0.7,22.94,1472.0,10260,75,0.0,0,0,0.800643806,32
1/24/2015,7,Quarter4,sweing,10,0.75,22.52,1332.0,10080,69,0.0,0,0,0.80062987,32
1/24/2015,7,Quarter4,sweing,6,0.8,11.61,1009.0,5640,63,0.0,0,0,0.800537143,32
1/24/2015,7,Quarter4,sweing,3,0.75,22.52,1266.0,10260,69,0.0,0,0,0.80035194,32
1/24/2015,7,Quarter4,sweing,12,0.75,15.26,1316.0,6120,40,0.0,0,0,0.750079323,29
1/24/2015,7,Quarter4,sweing,11,0.75,42.97,1282.0,10260,56,0.0,0,0,0.750041201,29
1/24/2015,7,Quarter4,sweing,5,0.7,20.4,1382.0,10440,50,0.0,0,0,0.700250784,29
1/24/2015,7,Quarter4,finishing ,4,0.75,4.3,0.0,2160,0,0.0,0,0,0.651515152,24
1/24/2015,7,Quarter4,sweing,7,0.65,22.52,1295.0,10170,26,0.0,0,0,0.650416734,24
1/24/2015,7,Quarter4,sweing,9,0.6,29.12,925.0,6660,23,0.0,0,0,0.600125217,24
1/24/2015,7,Quarter4,finishing ,2,0.75,3.94,0.0,1440,0,0.0,0,0,0.578314394,26
1/24/2015,7,Quarter4,finishing ,1,0.7,3.94,0.0,1440,0,0.0,0,0,0.578314394,26
1/24/2015,7,Quarter4,sweing,8,0.35,15.09,1448.0,9360,23,0.0,0,0,0.34998951,15
1/24/2015,7,Quarter4,finishing ,9,0.6,3.94,0.0,1440,0,0.0,0,0,0.261174242,14
1/24/2015,7,Quarter4,finishing ,5,0.7,4.15,0.0,3060,0,0.0,0,0,0.973796791,32
1/25/2015,1,Quarter4,finishing ,2,0.75,3.94,0.0,1440,0,0.0,0,0,0.970075758,32
1/25/2015,1,Quarter4,finishing ,1,0.7,3.94,0.0,1440,0,0.0,0,0,0.970075758,32
1/25/2015,1,Quarter4,finishing ,3,0.75,3.94,0.0,1620,0,0.0,0,0,0.961784512,32
1/25/2015,1,Quarter4,finishing ,10,0.75,3.94,0.0,3420,0,0.0,0,0,0.955151515,32
1/25/2015,1,Quarter4,finishing ,4,0.75,4.3,0.0,2160,0,0.0,0,0,0.952020202,32
1/25/2015,1,Quarter4,sweing,4,0.75,22.52,867.0,10260,94,0.0,0,0,0.900321106,32
1/25/2015,1,Quarter4,sweing,2,0.75,22.94,1636.0,10530,81,0.0,0,0,0.850223776,32
1/25/2015,1,Quarter4,sweing,1,0.7,22.94,1682.0,10530,75,0.0,0,0,0.800909609,32
1/25/2015,1,Quarter4,sweing,3,0.75,22.52,1495.0,10350,55,0.0,0,0,0.800513307,32
1/25/2015,1,Quarter4,sweing,6,0.8,11.61,1181.0,5760,63,0.0,0,0,0.800386364,32
1/25/2015,1,Quarter4,sweing,10,0.75,22.52,1413.0,10080,69,0.0,0,0,0.800020563,32
1/25/2015,1,Quarter4,finishing ,7,0.65,3.94,0.0,2520,0,0.0,0,0,0.749188312,29
1/25/2015,1,Quarter4,sweing,7,0.7,22.52,360.0,10170,40,0.0,0,0,0.7005417,29
1/25/2015,1,Quarter4,sweing,12,0.7,15.26,1296.0,6120,40,0.0,0,0,0.70043672,29
1/25/2015,1,Quarter4,sweing,5,0.7,20.4,1217.0,10440,50,0.0,0,0,0.700250784,29
1/25/2015,1,Quarter4,sweing,9,0.65,29.12,1086.0,10440,26,0.0,0,0,0.650407524,24
1/25/2015,1,Quarter4,finishing ,12,0.7,4.08,0.0,1620,0,0.0,0,0,0.618181818,24
1/25/2015,1,Quarter4,sweing,11,0.75,42.97,532.0,10260,40,0.0,0,0,0.59114168,26
1/25/2015,1,Quarter4,sweing,8,0.5,15.09,1557.0,720,23,0.0,0,0,0.500061916,26
1/25/2015,1,Quarter4,finishing ,8,0.8,2.9,0.0,720,0,0.0,0,0,0.329545455,15
1/25/2015,1,Quarter4,finishing ,3,0.75,3.94,0.0,1800,0,0.0,0,0,1.059621212,31
1/26/2015,2,Quarter4,finishing ,10,0.75,3.94,0.0,3780,0,0.0,0,0,0.997792208,32
1/26/2015,2,Quarter4,finishing ,4,0.75,4.3,0.0,2160,0,0.0,0,0,0.963699495,32
1/26/2015,2,Quarter4,finishing ,5,0.7,4.15,0.0,2700,0,0.0,0,0,0.959191919,32
1/26/2015,2,Quarter4,finishing ,2,0.75,3.94,0.0,1800,0,0.0,0,0,0.910378788,32
1/26/2015,2,Quarter4,finishing ,1,0.7,3.94,0.0,1800,0,0.0,0,0,0.910378788,32
1/26/2015,2,Quarter4,sweing,4,0.8,22.52,1016.0,10170,60,0.0,0,0,0.850312684,32
1/26/2015,2,Quarter4,sweing,6,0.8,11.61,1072.0,5760,50,0.0,0,0,0.800386364,32
1/26/2015,2,Quarter4,sweing,3,0.75,22.52,1584.0,10260,69,0.0,0,0,0.80035194,32
1/26/2015,2,Quarter4,sweing,2,0.75,22.94,1764.0,10260,55,0.0,0,0,0.800034024,32
1/26/2015,2,Quarter4,sweing,1,0.7,22.94,1745.0,10440,60,0.0,0,0,0.800023511,32
1/26/2015,2,Quarter4,sweing,10,0.75,22.52,1250.0,10080,55,0.0,0,0,0.800020563,32
1/26/2015,2,Quarter4,finishing ,12,0.7,4.08,0.0,1620,0,0.0,0,0,0.769292929,29
1/26/2015,2,Quarter4,sweing,5,0.75,20.4,1118.0,10320,56,0.0,0,0,0.750031447,29
1/26/2015,2,Quarter4,sweing,9,0.7,29.12,1143.0,10440,40,0.0,0,0,0.70061442,29
1/26/2015,2,Quarter4,sweing,12,0.7,15.26,1337.0,6120,40,0.0,0,0,0.70043672,29
1/26/2015,2,Quarter4,finishing ,7,0.65,3.94,0.0,1440,0,0.0,0,0,0.646306818,24
1/26/2015,2,Quarter4,sweing,8,0.6,15.09,1519.0,360,23,0.0,0,0,0.600143365,24
1/26/2015,2,Quarter4,sweing,11,0.35,28.08,749.0,10260,23,0.0,0,0,0.350066986,15
1/26/2015,2,Quarter4,sweing,2,0.75,22.52,1635.0,6840,119,0.0,0,0,1.000230409,31
1/27/2015,3,Quarter4,sweing,3,0.75,22.52,1299.0,6840,119,0.0,0,0,1.000230409,31
1/27/2015,3,Quarter4,finishing ,10,0.8,3.94,0.0,1440,0,0.0,0,0,0.979527778,32
1/27/2015,3,Quarter4,finishing ,4,0.8,4.3,0.0,1440,0,0.0,0,0,0.940625,32
1/27/2015,3,Quarter4,finishing ,5,0.5,4.15,0.0,1440,0,0.0,0,0,0.926388889,32
1/27/2015,3,Quarter4,sweing,10,0.8,22.52,1134.0,6720,70,0.0,0,0,0.900129762,32
1/27/2015,3,Quarter4,finishing ,3,0.75,3.94,0.0,1440,0,0.0,0,0,0.861875,32
1/27/2015,3,Quarter4,sweing,4,0.8,22.52,1106.0,6780,60,0.0,0,0,0.850312684,32
1/27/2015,3,Quarter4,finishing ,8,0.65,3.94,0.0,960,0,0.0,0,0,0.845458333,32
1/27/2015,3,Quarter4,finishing ,12,0.7,4.15,0.0,1080,0,0.0,0,0,0.823555556,32
1/27/2015,3,Quarter4,finishing ,7,0.5,4.15,0.0,960,0,0.0,0,0,0.803541667,32
1/27/2015,3,Quarter4,sweing,1,0.75,22.94,1871.0,6960,55,0.0,0,0,0.800263218,32
1/27/2015,3,Quarter4,finishing ,2,0.75,3.94,0.0,1200,0,0.0,0,0,0.788,29
1/27/2015,3,Quarter4,finishing ,1,0.75,3.94,0.0,1200,0,0.0,0,0,0.77815,29
1/27/2015,3,Quarter4,sweing,9,0.7,29.12,1294.0,6960,50,0.0,0,0,0.700386207,29
1/27/2015,3,Quarter4,sweing,12,0.7,15.26,1462.0,4080,40,0.0,0,0,0.700164706,29
1/27/2015,3,Quarter4,sweing,8,0.65,15.09,976.0,240,23,0.0,0,0,0.650307143,24
1/27/2015,3,Quarter4,sweing,6,0.8,30.4,338.0,3840,34,0.0,0,0,0.622828125,24
1/27/2015,3,Quarter4,finishing ,6,0.8,2.9,0.0,960,0,0.0,0,0,0.6225,24
1/27/2015,3,Quarter4,sweing,5,0.5,20.79,1455.0,6960,30,0.0,0,0,0.500035345,26
1/27/2015,3,Quarter4,sweing,11,0.5,48.18,1282.0,6480,23,0.0,0,0,0.37046657,15
1/27/2015,3,Quarter4,sweing,2,0.8,22.52,1559.0,6840,90,0.0,0,0,1.000230409,31
1/28/2015,4,Quarter4,sweing,3,0.8,22.52,1350.0,6840,113,0.0,0,0,1.000230409,31
1/28/2015,4,Quarter4,finishing ,6,0.35,2.9,0.0,1800,0,0.0,0,0,0.977555556,32
1/28/2015,4,Quarter4,finishing ,1,0.75,3.94,0.0,1200,0,0.0,0,0,0.9456,32
1/28/2015,4,Quarter4,finishing ,2,0.8,3.94,0.0,1800,0,0.0,0,0,0.902222222,32
1/28/2015,4,Quarter4,sweing,10,0.8,22.52,1175.0,6720,60,0.0,0,0,0.850532143,32
1/28/2015,4,Quarter4,sweing,1,0.75,22.94,1868.0,6960,81,0.0,0,0,0.850362069,32
1/28/2015,4,Quarter4,finishing ,10,0.8,3.94,0.0,1200,0,0.0,0,0,0.840533333,32
1/28/2015,4,Quarter4,sweing,5,0.6,20.79,1045.0,6960,88,0.0,0,0,0.800534483,32
1/28/2015,4,Quarter4,sweing,4,0.8,22.52,1342.0,6780,50,0.0,0,0,0.800489676,32
1/28/2015,4,Quarter4,finishing ,12,0.75,4.08,0.0,1080,0,0.0,0,0,0.755555556,29
1/28/2015,4,Quarter4,sweing,9,0.7,29.12,1340.0,6960,63,0.0,0,0,0.750593103,29
1/28/2015,4,Quarter4,sweing,12,0.75,15.26,1429.0,3600,45,0.0,0,0,0.750283333,29
1/28/2015,4,Quarter4,finishing ,4,0.8,4.3,0.0,1440,0,0.0,0,0,0.722638889,29
1/28/2015,4,Quarter4,finishing ,8,0.65,4.15,0.0,960,0,0.0,0,0,0.553333333,26
1/28/2015,4,Quarter4,sweing,11,0.5,20.1,1413.0,5880,46,0.0,0,0,0.500567308,26
1/28/2015,4,Quarter4,sweing,8,0.7,38.09,336.0,6240,0,0.0,0,0,0.467693269,20
1/28/2015,4,Quarter4,sweing,6,0.35,18.79,511.0,1800,23,0.0,0,0,0.437995338,20
1/28/2015,4,Quarter4,finishing ,7,0.6,3.94,0.0,960,0,0.0,0,0,0.406354167,20
1/28/2015,4,Quarter4,sweing,7,0.6,23.54,958.0,6600,0,0.0,0,0,0.285333333,14
1/28/2015,4,Quarter4,finishing ,11,0.5,2.9,0.0,960,0,0.0,0,0,0.259375,14
1/28/2015,4,Quarter5,sweing,2,0.8,22.52,1416.0,6840,113,0.0,0,0,1.000230409,31
1/29/2015,5,Quarter5,finishing ,4,0.8,4.3,0.0,1200,0,0.0,0,0,0.989,32
1/29/2015,5,Quarter5,sweing,3,0.8,22.52,1287.0,6840,100,0.0,0,0,0.950185965,32
1/29/2015,5,Quarter5,sweing,4,0.8,22.52,1444.0,6900,88,0.0,0,0,0.9008,32
1/29/2015,5,Quarter5,sweing,10,0.8,22.52,1088.0,6720,88,0.0,0,0,0.900129762,32
1/29/2015,5,Quarter5,finishing ,6,0.5,2.9,0.0,1200,0,0.0,0,0,0.899,32
1/29/2015,5,Quarter5,finishing ,8,0.65,4.15,0.0,960,0,0.0,0,0,0.877552083,32
1/29/2015,5,Quarter5,finishing ,11,0.6,2.9,0.0,960,0,0.0,0,0,0.864583333,32
1/29/2015,5,Quarter5,finishing ,10,0.8,3.94,0.0,1200,0,0.0,0,0,0.85695,32
1/29/2015,5,Quarter5,finishing ,1,0.75,3.94,0.0,1200,0,0.0,0,0,0.853666667,32
1/29/2015,5,Quarter5,sweing,1,0.75,22.94,1579.0,6960,81,0.0,0,0,0.850362069,32
1/29/2015,5,Quarter5,sweing,9,0.7,29.12,1170.0,6960,53,0.0,0,0,0.850170115,32
1/29/2015,5,Quarter5,sweing,5,0.65,20.79,1015.0,7080,81,0.0,0,0,0.800473729,32
1/29/2015,5,Quarter5,finishing ,2,0.8,3.94,0.0,1200,0,0.0,0,0,0.773333333,29
1/29/2015,5,Quarter5,sweing,12,0.75,15.26,1436.0,4200,45,0.0,0,0,0.750646667,29
1/29/2015,5,Quarter5,finishing ,12,0.75,4.08,0.0,1080,0,0.0,0,0,0.634666667,24
1/29/2015,5,Quarter5,sweing,11,0.6,20.1,1601.0,4320,46,0.0,0,0,0.60059761,24
1/29/2015,5,Quarter5,sweing,6,0.5,18.79,717.0,3960,23,0.0,0,0,0.500117677,26
1/29/2015,5,Quarter5,finishing ,3,0.8,3.94,0.0,960,0,0.0,0,0,0.4925,20
1/29/2015,5,Quarter5,sweing,7,0.65,23.54,830.0,6600,0,0.0,0,0,0.48792,20
1/29/2015,5,Quarter5,sweing,3,0.8,22.52,1136.0,6960,113,0.0,0,0,1.000457471,31
1/31/2015,7,Quarter5,sweing,2,0.8,22.52,1397.0,6840,113,0.0,0,0,1.000230409,31
1/31/2015,7,Quarter5,finishing ,2,0.8,3.94,0.0,1200,0,0.0,0,0,0.971866667,32
1/31/2015,7,Quarter5,finishing ,3,0.8,3.94,0.0,960,0,0.0,0,0,0.971866667,32
1/31/2015,7,Quarter5,finishing ,4,0.8,3.94,0.0,1200,0,0.0,0,0,0.971866667,32
1/31/2015,7,Quarter5,finishing ,10,0.8,3.94,0.0,1200,0,0.0,0,0,0.971866667,32
1/31/2015,7,Quarter5,finishing ,1,0.75,3.94,0.0,1800,0,0.0,0,0,0.971866667,32
1/31/2015,7,Quarter5,finishing ,9,0.75,3.94,0.0,240,0,0.0,0,0,0.971866667,32
1/31/2015,7,Quarter5,finishing ,12,0.75,4.08,0.0,1080,0,0.0,0,0,0.971866667,32
1/31/2015,7,Quarter5,finishing ,5,0.7,3.94,0.0,240,0,0.0,0,0,0.971866667,32
1/31/2015,7,Quarter5,finishing ,7,0.7,3.94,0.0,1200,0,0.0,0,0,0.971866667,32
1/31/2015,7,Quarter5,finishing ,8,0.65,3.94,0.0,960,0,0.0,0,0,0.971866667,32
1/31/2015,7,Quarter5,finishing ,11,0.65,3.94,0.0,600,0,0.0,0,0,0.971866667,32
1/31/2015,7,Quarter5,finishing ,6,0.6,3.94,0.0,1200,0,0.0,0,0,0.971866667,32
1/31/2015,7,Quarter5,sweing,10,0.8,22.52,1116.0,6720,93,0.0,0,0,0.920236905,32
1/31/2015,7,Quarter5,sweing,4,0.8,22.52,1432.0,6660,88,0.0,0,0,0.900537069,32
1/31/2015,7,Quarter5,sweing,9,0.75,29.12,1082.0,6840,81,0.0,0,0,0.850610526,32
1/31/2015,7,Quarter5,sweing,1,0.75,22.94,1502.0,6960,81,0.0,0,0,0.850362069,32
1/31/2015,7,Quarter5,sweing,12,0.75,15.26,1209.0,4200,45,0.0,0,0,0.750646667,29
1/31/2015,7,Quarter5,sweing,5,0.7,50.89,282.0,5880,56,0.0,0,0,0.656763743,24
1/31/2015,7,Quarter5,sweing,11,0.65,20.1,1417.0,6480,49,0.0,0,0,0.650148148,24
1/31/2015,7,Quarter5,sweing,6,0.6,18.79,799.0,3960,23,0.0,0,0,0.600710606,24
1/31/2015,7,Quarter5,sweing,7,0.7,23.54,1109.0,6720,0,0.0,0,0,0.388830357,15
1/31/2015,7,Quarter5,sweing,8,0.5,23.54,1144.0,6480,0,0.0,0,0,0.286984568,14
1/31/2015,7,Quarter1,finishing ,8,0.65,4.15,0.0,960,0,0.0,0,0,1.0115625,31
02/01/2015,1,Quarter1,sweing,2,0.8,22.52,1396.0,6900,113,0.0,0,0,1.000671304,31
02/01/2015,1,Quarter1,sweing,1,0.8,22.94,1582.0,3060,113,0.0,0,0,1.000402055,31
02/01/2015,1,Quarter1,finishing ,1,0.75,3.94,0.0,2280,0,0.0,0,0,0.950438596,32
02/01/2015,1,Quarter1,sweing,3,0.8,22.52,1124.0,6840,100,0.0,0,0,0.950185965,32
02/01/2015,1,Quarter1,finishing ,2,0.8,3.94,0.0,1200,0,0.0,0,0,0.912766667,32
02/01/2015,1,Quarter1,finishing ,7,0.7,3.94,0.0,2160,0,0.0,0,0,0.892194444,32
02/01/2015,1,Quarter1,finishing ,10,0.8,3.94,0.0,1200,0,0.0,0,0,0.8865,32
02/01/2015,1,Quarter1,sweing,10,0.8,22.52,1282.0,6720,75,0.0,0,0,0.850532143,32
02/01/2015,1,Quarter1,sweing,4,0.8,22.52,1472.0,7020,60,0.0,0,0,0.85011396,32
02/01/2015,1,Quarter1,finishing ,4,0.8,4.3,0.0,1440,0,0.0,0,0,0.845069444,32
02/01/2015,1,Quarter1,sweing,9,0.75,29.12,1282.0,6960,45,0.0,0,0,0.750593103,29
02/01/2015,1,Quarter1,sweing,12,0.75,15.26,1276.0,1440,45,0.0,0,0,0.750450658,29
02/01/2015,1,Quarter1,finishing ,12,0.75,4.08,0.0,1080,0,0.0,0,0,0.702666667,29
02/01/2015,1,Quarter1,sweing,11,0.7,20.1,1192.0,6120,75,0.0,0,0,0.700508929,29
02/01/2015,1,Quarter1,sweing,6,0.65,18.79,881.0,3960,26,0.0,0,0,0.651007071,24
02/01/2015,1,Quarter1,sweing,8,0.6,24.26,1196.0,6600,0,0.0,0,0,0.466821212,20
02/01/2015,1,Quarter1,sweing,7,0.7,24.26,1400.0,6720,0,0.0,0,0,0.411553571,20
02/01/2015,1,Quarter1,finishing ,6,0.6,2.9,0.0,1200,0,0.0,0,0,0.314166667,15
02/01/2015,1,Quarter1,finishing ,9,0.75,3.94,0.0,960,0,0.0,0,0,0.994270833,32
02/02/2015,2,Quarter1,finishing ,10,0.8,3.94,0.0,1200,0,0.0,0,0,0.85695,32
02/02/2015,2,Quarter1,finishing ,4,0.8,4.3,0.0,1440,0,0.0,0,0,0.809236111,32
02/02/2015,2,Quarter1,finishing ,12,0.75,4.08,0.0,1080,0,0.0,0,0,0.740444444,29
02/02/2015,2,Quarter1,finishing ,8,0.65,4.15,0.0,960,0,0.0,0,0,0.561979167,26
02/02/2015,2,Quarter1,finishing ,1,0.75,3.94,0.0,2280,0,0.0,0,0,0.504596491,26
02/02/2015,2,Quarter1,sweing,5,0.5,30.1,839.0,6960,0,0.0,0,0,0.500801724,26
02/02/2015,2,Quarter1,sweing,7,0.7,24.26,2698.0,6720,0,0.0,0,0,0.295307738,14
02/02/2015,2,Quarter1,finishing ,6,0.6,2.9,0.0,1200,0,0.0,0,0,0.280333333,14
02/02/2015,2,Quarter1,sweing,8,0.65,24.26,1435.0,6600,0,0.0,0,0,0.260978788,14
02/02/2015,2,Quarter1,finishing ,2,0.8,3.94,0.0,2400,0,0.0,0,0,1.001416667,31
02/02/2015,2,Quarter1,sweing,1,0.8,22.52,1500.0,6900,113,0.0,0,0,1.000018551,31
02/02/2015,2,Quarter1,sweing,10,0.8,22.52,1188.0,6720,90,0.0,0,0,0.999995238,32
02/02/2015,2,Quarter1,finishing ,1,0.8,3.94,0.0,1200,0,0.0,0,0,0.99485,32
02/02/2015,2,Quarter1,finishing ,8,0.7,4.15,0.0,960,0,0.0,0,0,0.976979167,32
02/02/2015,2,Quarter1,sweing,3,0.8,22.52,1112.0,6840,100,0.0,0,0,0.950185965,32
02/02/2015,2,Quarter1,sweing,2,0.8,22.52,1452.0,6960,100,0.0,0,0,0.949981609,32
02/02/2015,2,Quarter1,finishing ,9,0.75,3.94,0.0,1320,0,0.0,0,0,0.919954545,32
02/02/2015,2,Quarter1,sweing,4,0.8,22.52,340.0,5460,63,0.0,0,0,0.800434622,32
02/02/2015,2,Quarter1,sweing,12,0.8,15.26,1029.0,2040,50,0.0,0,0,0.800259023,32
02/03/2015,3,Quarter1,finishing ,12,0.8,4.08,0.0,1080,0,0.0,0,0,0.778222222,29
02/03/2015,3,Quarter1,sweing,9,0.75,29.12,1070.0,6960,34,0.0,0,0,0.750593103,29
02/03/2015,3,Quarter1,sweing,11,0.7,25.31,946.0,5760,60,0.0,0,0,0.700513566,29
02/03/2015,3,Quarter1,sweing,6,0.7,18.79,913.0,4020,30,0.0,0,0,0.700184577,29
02/03/2015,3,Quarter1,sweing,8,0.7,24.26,1363.0,6660,0,0.0,0,0,0.586465465,26
02/03/2015,3,Quarter1,sweing,7,0.7,24.26,1639.0,6720,0,0.0,0,0,0.541517857,26
02/03/2015,3,Quarter1,finishing ,4,0.8,4.3,0.0,1440,0,0.0,0,0,0.5375,26
02/03/2015,3,Quarter1,finishing ,6,0.7,2.9,0.0,960,0,0.0,0,0,0.495416667,20
02/03/2015,3,Quarter1,sweing,5,0.6,30.1,415.0,6960,0,0.0,0,0,0.415172414,20
02/03/2015,3,Quarter1,sweing,2,0.8,22.52,1263.0,6900,100,0.0,0,0,1.05028058,31
02/03/2015,3,Quarter1,sweing,3,0.8,22.52,968.0,6840,113,0.0,0,0,1.000230409,31
02/03/2015,3,Quarter1,sweing,10,0.8,22.52,1108.0,6720,113,0.0,0,0,0.999995238,32
02/03/2015,3,Quarter1,finishing,2,0.8,3.94,0.0,2160,0,0.0,0,0,0.966759259,32
02/03/2015,3,Quarter1,finishing,1,0.8,3.94,0.0,1200,0,0.0,0,0,0.929183333,32
02/03/2015,3,Quarter1,finishing,8,0.7,4.15,0.0,3000,0,0.0,0,0,0.915766667,32
02/03/2015,3,Quarter1,sweing,1,0.8,22.52,1532.0,6900,88,0.0,0,0,0.900147246,32
02/03/2015,3,Quarter1,sweing,12,0.8,15.26,1094.0,4080,38,0.0,0,0,0.800401961,32
02/03/2015,3,Quarter1,sweing,9,0.8,22.52,1086.0,6960,50,0.0,0,0,0.799963218,29
02/03/2015,3,Quarter1,finishing,7,0.7,3.94,0.0,960,0,0.0,0,0,0.779791667,29
02/04/2015,4,Quarter1,finishing,9,0.75,3.94,0.0,960,0,0.0,0,0,0.755166667,29
02/04/2015,4,Quarter1,sweing,6,0.7,18.79,941.0,3360,30,0.0,0,0,0.700710417,29
02/04/2015,4,Quarter1,sweing,7,0.7,24.26,1471.0,6960,0,0.0,0,0,0.700612069,29
02/04/2015,4,Quarter1,sweing,11,0.7,10.05,1042.0,6120,60,0.0,0,0,0.700278846,29
02/04/2015,4,Quarter1,sweing,8,0.7,29.12,1248.0,6840,0,0.0,0,0,0.700135088,29
02/04/2015,4,Quarter1,finishing ,12,0.8,4.08,0.0,1080,0,0.0,0,0,0.687555556,24
02/04/2015,4,Quarter1,sweing,5,0.65,30.1,326.0,5820,0,90.0,10,0,0.650834808,24
02/04/2015,4,Quarter1,finishing,6,0.7,2.9,0.0,960,0,0.0,0,0,0.531666667,26
02/04/2015,4,Quarter1,sweing,4,0.35,30.1,287.0,6060,23,150.0,15,0,0.350706422,15
02/04/2015,4,Quarter1,sweing,2,0.8,22.52,1300.0,6780,113,0.0,0,0,1.000446018,31
02/04/2015,4,Quarter1,sweing,1,0.8,22.52,1485.0,6900,113,0.0,0,0,1.000018551,31
02/04/2015,4,Quarter1,sweing,10,0.8,22.52,1039.0,6720,113,0.0,0,0,0.999995238,32
02/04/2015,4,Quarter1,finishing,2,0.8,3.94,0.0,2640,0,0.0,0,0,0.999924242,32
02/04/2015,4,Quarter1,sweing,3,0.8,22.52,1063.0,6840,100,0.0,0,0,0.950185965,32
02/04/2015,4,Quarter1,finishing,6,0.7,2.9,0.0,960,0,0.0,0,0,0.9425,32
02/04/2015,4,Quarter1,finishing,12,0.8,4.08,0.0,1080,0,0.0,0,0,0.906666667,32
02/04/2015,4,Quarter1,finishing,7,0.7,3.94,0.0,1200,0,0.0,0,0,0.8471,32
02/04/2015,4,Quarter1,finishing,1,0.8,3.94,0.0,1440,0,0.0,0,0,0.845458333,32
02/04/2015,4,Quarter1,sweing,12,0.8,15.26,1083.0,720,38,0.0,0,0,0.800612676,32
02/05/2015,5,Quarter1,sweing,9,0.8,29.12,1069.0,6960,50,0.0,0,0,0.799963218,29
02/05/2015,5,Quarter1,finishing,10,0.8,3.94,0.0,960,0,0.0,0,0,0.771583333,29
02/05/2015,5,Quarter1,sweing,11,0.75,10.05,668.0,2520,34,0.0,0,0,0.7504,29
02/05/2015,5,Quarter1,sweing,6,0.7,18.79,766.0,2760,30,0.0,0,0,0.700079032,29
02/05/2015,5,Quarter1,sweing,5,0.7,30.1,557.0,6960,0,0.0,0,0,0.562212644,26
02/05/2015,5,Quarter1,sweing,7,0.07,24.26,1608.0,6960,0,0.0,0,0,0.522844828,26
02/05/2015,5,Quarter1,sweing,4,0.5,30.1,417.0,6360,23,0.0,0,1,0.500720126,26
02/05/2015,5,Quarter1,sweing,8,0.7,24.26,1167.0,6840,0,0.0,0,0,0.496549708,20
02/05/2015,5,Quarter1,finishing,2,0.8,3.94,0.0,3000,0,0.0,0,0,1.050666667,31
02/05/2015,5,Quarter1,sweing,2,0.8,22.52,1186.0,6900,113,0.0,0,0,1.000018551,31
02/05/2015,5,Quarter1,sweing,3,0.8,22.52,1060.0,6840,100,0.0,0,0,0.950185965,32
02/05/2015,5,Quarter1,sweing,1,0.8,22.52,1534.0,6780,88,0.0,0,0,0.900135693,32
02/05/2015,5,Quarter1,sweing,10,0.8,22.52,1142.0,6720,88,0.0,0,0,0.900129762,32
02/05/2015,5,Quarter1,finishing,12,0.8,4.08,0.0,1080,0,0.0,0,0,0.899111111,32
02/05/2015,5,Quarter1,finishing,1,0.8,3.94,0.0,1200,0,0.0,0,0,0.870083333,32
02/05/2015,5,Quarter1,finishing,6,0.75,2.9,0.0,960,0,0.0,0,0,0.845833333,32
02/05/2015,5,Quarter1,sweing,12,0.8,15.26,1021.0,4080,63,0.0,0,0,0.800401961,32
02/05/2015,5,Quarter1,sweing,9,0.8,29.12,829.0,6960,50,0.0,0,0,0.799963218,29
02/07/2015,7,Quarter1,finishing,9,0.8,3.94,0.0,960,0,0.0,0,0,0.771583333,29
02/07/2015,7,Quarter1,sweing,6,0.75,18.79,813.0,1560,34,0.0,0,0,0.750520115,29
02/07/2015,7,Quarter1,sweing,11,0.75,10.05,677.0,3240,45,0.0,0,0,0.750027778,29
02/07/2015,7,Quarter1,finishing,7,0.7,3.94,0.0,1200,0,0.0,0,0,0.715766667,29
02/07/2015,7,Quarter1,sweing,7,0.7,24.26,658.0,6960,0,270.0,45,0,0.662270115,24
02/07/2015,7,Quarter1,sweing,4,0.6,30.1,486.0,6780,30,0.0,0,1,0.600224189,24
02/07/2015,7,Quarter1,sweing,5,0.7,30.1,687.0,7500,0,0.0,0,0,0.545657673,26
02/07/2015,7,Quarter1,finishing,4,0.8,4.3,0.0,960,0,0.0,0,0,0.447916667,20
02/07/2015,7,Quarter1,sweing,8,0.7,24.26,652.0,6840,0,300.0,37,0,0.365318713,15
02/07/2015,7,Quarter2,sweing,2,0.8,22.52,1233.0,6900,113,0.0,0,0,1.000018551,31
02/07/2015,7,Quarter2,finishing,7,0.7,4.15,0.0,1440,0,0.0,0,0,0.928680556,32
02/07/2015,7,Quarter2,sweing,10,0.8,22.52,1388.0,6720,88,0.0,0,0,0.9008,32
02/07/2015,7,Quarter2,sweing,1,0.8,22.52,1615.0,6780,88,0.0,0,0,0.900135693,32
02/07/2015,7,Quarter2,sweing,3,0.8,22.52,1283.0,6720,88,0.0,0,0,0.900129762,32
02/07/2015,7,Quarter2,finishing,1,0.8,3.94,0.0,1200,0,0.0,0,0,0.893066667,32
02/07/2015,7,Quarter2,finishing,12,0.8,4.08,0.0,1080,0,0.0,0,0,0.891555556,32
02/07/2015,7,Quarter2,finishing,2,0.8,3.94,0.0,2160,0,0.0,0,0,0.875555556,32
02/07/2015,7,Quarter2,finishing,8,0.7,4.15,0.0,1800,0,0.0,0,0,0.840888889,32
02/07/2015,7,Quarter2,sweing,12,0.8,15.26,1026.0,2880,63,0.0,0,0,0.800355208,32
02/08/2015,1,Quarter2,sweing,9,0.8,29.12,909.0,6960,50,0.0,0,0,0.799963218,29
02/08/2015,1,Quarter2,sweing,6,0.75,18.79,670.0,3960,34,0.0,0,0,0.75065101,29
02/08/2015,1,Quarter2,sweing,11,0.75,10.05,629.0,3240,45,0.0,0,0,0.750027778,29
02/08/2015,1,Quarter2,sweing,5,0.7,30.1,754.0,7020,0,0.0,0,0,0.700618234,29
02/08/2015,1,Quarter2,finishing,6,0.75,2.9,0.0,960,0,0.0,0,0,0.610208333,24
02/08/2015,1,Quarter2,finishing,9,0.8,3.94,0.0,960,0,0.0,0,0,0.607416667,24
02/08/2015,1,Quarter2,sweing,4,0.65,30.1,712.0,6780,44,0.0,0,1,0.568259587,26
02/08/2015,1,Quarter2,sweing,7,0.7,24.26,148.0,6960,0,0.0,0,0,0.355534483,15
02/08/2015,1,Quarter2,sweing,8,0.7,24.26,154.0,6840,0,0.0,0,0,0.353259649,15
02/08/2015,1,Quarter2,finishing,2,0.8,3.94,0.0,2160,0,0.0,0,0,1.057962963,31
02/08/2015,1,Quarter2,finishing,1,0.8,3.94,0.0,1200,0,0.0,0,0,0.962016667,32
02/08/2015,1,Quarter2,sweing,10,0.8,22.52,1127.0,120,88,0.0,0,0,0.9008,32
02/08/2015,1,Quarter2,sweing,1,0.8,22.52,1506.0,3600,70,0.0,0,0,0.900509044,32
02/08/2015,1,Quarter2,sweing,2,0.8,22.52,1413.0,360,70,0.0,0,0,0.900477825,32
02/08/2015,1,Quarter2,finishing,6,0.75,2.9,0.0,960,0,0.0,0,0,0.888125,32
02/08/2015,1,Quarter2,sweing,12,0.8,15.26,970.0,4080,63,0.0,0,0,0.800401961,32
02/08/2015,1,Quarter2,sweing,3,0.8,22.52,1271.0,5400,50,0.0,0,0,0.800161172,32
02/08/2015,1,Quarter2,sweing,9,0.8,29.12,1073.0,6960,50,0.0,0,0,0.799963218,29
02/08/2015,1,Quarter2,sweing,4,0.7,30.1,767.0,3300,50,0.0,0,1,0.790003236,29
02/09/2015,2,Quarter2,sweing,11,0.75,10.05,103.0,0,45,0.0,0,0,0.750648148,29
02/09/2015,2,Quarter2,finishing,8,0.35,4.15,0.0,1800,0,0.0,0,0,0.707111111,29
02/09/2015,2,Quarter2,sweing,5,0.7,30.1,773.0,7020,40,0.0,0,0,0.700618234,29
02/09/2015,2,Quarter2,finishing,9,0.8,3.94,0.0,960,0,0.0,0,0,0.697708333,24
02/09/2015,2,Quarter2,sweing,6,0.75,18.79,708.0,4080,0,0.0,0,0,0.612517157,24
02/09/2015,2,Quarter2,sweing,7,0.35,30.1,842.0,6960,0,0.0,0,1,0.350301724,15
02/09/2015,2,Quarter2,sweing,8,0.35,30.1,901.0,6960,0,0.0,0,1,0.350301724,15
02/09/2015,2,Quarter2,finishing,12,0.8,4.08,0.0,1080,0,0.0,0,0,0.272,14
02/09/2015,2,Quarter2,finishing,12,0.8,4.08,0.0,1080,0,0.0,0,0,1.004888889,31
02/09/2015,2,Quarter2,finishing,2,0.8,3.94,0.0,2160,0,0.0,0,0,0.966759259,32
02/09/2015,2,Quarter2,sweing,10,0.8,22.52,1268.0,0,88,0.0,0,0,0.90063244,32
02/09/2015,2,Quarter2,sweing,1,0.8,22.52,1546.0,0,88,0.0,0,0,0.90047076,32
02/09/2015,2,Quarter2,sweing,3,0.8,22.52,813.0,0,88,0.0,0,0,0.90047076,32
02/09/2015,2,Quarter2,sweing,2,0.8,22.52,1512.0,0,88,0.0,0,0,0.899984058,32
02/09/2015,2,Quarter2,finishing,1,0.8,3.94,0.0,1440,0,0.0,0,0,0.853666667,32
02/09/2015,2,Quarter2,sweing,9,0.8,29.12,1263.0,2160,38,0.0,0,0,0.8008,32
02/09/2015,2,Quarter2,sweing,12,0.8,15.26,900.0,4080,50,0.0,0,0,0.800401961,32
02/09/2015,2,Quarter2,finishing,4,0.7,4.15,0.0,1800,0,0.0,0,0,0.796755556,29
02/10/2015,3,Quarter2,sweing,6,0.75,18.79,640.0,2400,0,0.0,0,0,0.750797009,29
02/10/2015,3,Quarter2,sweing,11,0.8,10.05,13.0,3240,34,0.0,0,0,0.750648148,29
02/10/2015,3,Quarter2,sweing,5,0.75,30.1,855.0,7020,45,0.0,0,0,0.750356125,29
02/10/2015,3,Quarter2,finishing,8,0.35,4.15,0.0,960,0,0.0,0,0,0.703770833,29
02/10/2015,3,Quarter2,sweing,4,0.7,30.1,855.0,7020,40,0.0,0,1,0.700618234,29
02/10/2015,3,Quarter2,finishing,9,0.8,3.94,0.0,960,0,0.0,0,0,0.6895,24
02/10/2015,3,Quarter2,finishing,6,0.75,2.9,0.0,960,0,0.0,0,0,0.628333333,24
02/10/2015,3,Quarter2,sweing,7,0.5,30.1,1025.0,6960,23,0.0,0,1,0.500801724,26
02/10/2015,3,Quarter2,sweing,8,0.5,30.1,1061.0,6960,30,0.0,0,1,0.393548851,15
02/10/2015,3,Quarter2,finishing,4,0.7,4.15,0.0,1800,0,0.0,0,0,1.033155556,31
02/10/2015,3,Quarter2,finishing,12,0.8,4.08,0.0,1080,0,0.0,0,0,1.02,31
02/10/2015,3,Quarter2,sweing,2,0.8,22.52,1557.0,0,90,0.0,0,0,1.000344928,31
02/10/2015,3,Quarter2,sweing,1,0.8,22.52,1498.0,0,113,0.0,0,0,1.000065789,31
02/10/2015,3,Quarter2,finishing,8,0.35,4.15,0.0,1440,0,0.0,0,0,0.994375,32
02/10/2015,3,Quarter2,finishing,2,0.8,3.94,0.0,2160,0,0.0,0,0,0.912037037,32
02/10/2015,3,Quarter2,finishing,5,0.7,4.15,0.0,240,0,0.0,0,0,0.87,32
02/10/2015,3,Quarter2,sweing,10,0.8,22.52,598.0,0,75,0.0,0,0,0.850364583,32
02/10/2015,3,Quarter2,sweing,6,0.8,18.79,656.0,3480,38,0.0,0,0,0.800947475,32
02/10/2015,3,Quarter2,sweing,12,0.8,15.26,854.0,4080,50,0.0,0,0,0.800401961,32
02/11/2015,4,Quarter2,sweing,9,0.8,29.12,609.0,3240,50,0.0,0,0,0.800144144,32
02/11/2015,4,Quarter2,sweing,5,0.75,30.1,788.0,7380,56,0.0,0,0,0.750406233,29
02/11/2015,4,Quarter2,sweing,8,0.6,30.1,1069.0,4560,30,0.0,0,1,0.714410494,29
02/11/2015,4,Quarter2,sweing,4,0.7,30.1,667.0,5940,40,0.0,0,1,0.700588406,29
02/11/2015,4,Quarter2,finishing,1,0.8,3.94,0.0,1440,0,0.0,0,0,0.618361111,24
02/11/2015,4,Quarter2,sweing,7,0.6,30.1,829.0,3360,23,0.0,0,1,0.600070513,24
02/11/2015,4,Quarter2,finishing,9,0.8,3.94,0.0,960,0,0.0,0,0,0.54175,26
02/11/2015,4,Quarter2,sweing,3,0.8,22.52,11.0,6840,0,0.0,0,1,0.536901754,26
02/11/2015,4,Quarter2,sweing,11,0.35,11.41,434.0,3240,0,0.0,0,1,0.507903226,26
02/11/2015,4,Quarter2,finishing,4,0.7,4.15,0.0,1800,0,0.0,0,0,1.096633333,31
02/11/2015,4,Quarter2,sweing,2,0.8,22.52,1327.0,0,113,0.0,0,0,1.000344928,31
02/11/2015,4,Quarter2,finishing,12,0.8,4.08,0.0,1080,0,0.0,0,0,0.838666667,32
02/11/2015,4,Quarter2,sweing,12,0.8,15.26,894.0,4080,50,0.0,0,0,0.800401961,32
02/11/2015,4,Quarter2,finishing,8,0.35,4.15,0.0,1440,0,0.0,0,0,0.755486111,29
02/11/2015,4,Quarter2,sweing,5,0.75,30.1,610.0,7080,56,0.0,0,0,0.750799435,29
02/11/2015,4,Quarter2,sweing,6,0.8,18.79,779.0,3960,0,0.0,0,0,0.688017677,24
02/11/2015,4,Quarter2,finishing,1,0.8,3.94,0.0,1440,0,0.0,0,0,0.664875,24
02/11/2015,4,Quarter2,finishing,9,0.8,3.94,0.0,960,0,0.0,0,0,0.656666667,24
02/11/2015,4,Quarter2,sweing,4,0.7,30.1,419.0,7080,0,0.0,0,1,0.637711864,24
02/12/2015,5,Quarter2,finishing,2,0.8,3.94,0.0,2160,0,0.0,0,0,0.601944444,24
02/12/2015,5,Quarter2,finishing,5,0.7,4.15,0.0,240,0,0.0,0,0,0.58,26
02/12/2015,5,Quarter2,sweing,7,0.65,30.1,909.0,7080,0,0.0,0,1,0.535677966,26
02/12/2015,5,Quarter2,sweing,11,0.5,11.41,1039.0,2280,0,0.0,0,2,0.50012336,26
02/12/2015,5,Quarter2,sweing,9,0.8,29.12,14.0,6960,0,0.0,0,0,0.497885057,20
02/12/2015,5,Quarter2,sweing,8,0.65,30.1,1193.0,7080,0,0.0,0,1,0.463403955,20
02/12/2015,5,Quarter2,sweing,10,0.8,22.52,10.0,6000,0,0.0,0,0,0.441392,20
02/12/2015,5,Quarter2,sweing,3,0.35,30.1,770.0,6960,0,0.0,0,1,0.350301724,15
02/12/2015,5,Quarter2,sweing,1,0.8,22.52,1416.0,6840,113,0.0,0,0,1.000230409,31
02/12/2015,5,Quarter2,finishing,7,0.7,4.15,0.0,1800,0,0.0,0,0,0.929277778,32
02/12/2015,5,Quarter2,finishing,4,0.75,4.15,0.0,2400,0,0.0,0,0,0.902916667,32
02/12/2015,5,Quarter2,finishing,12,0.8,4.08,0.0,1080,0,0.0,0,0,0.800888889,32
02/12/2015,5,Quarter2,sweing,12,0.8,15.26,942.0,4080,63,0.0,0,0,0.800401961,32
02/12/2015,5,Quarter2,sweing,2,0.8,22.52,674.0,3660,63,0.0,0,0,0.80037492,32
02/12/2015,5,Quarter2,finishing,1,0.8,3.94,0.0,1440,0,0.0,0,0,0.796208333,29
02/12/2015,5,Quarter2,sweing,4,0.75,30.1,481.0,7140,0,0.0,0,1,0.750392157,29
02/12/2015,5,Quarter2,sweing,5,0.75,30.1,664.0,7140,56,0.0,0,0,0.750392157,29
02/12/2015,5,Quarter2,finishing,8,0.7,4.15,0.0,960,0,0.0,0,0,0.725625,29
02/12/2015,5,Quarter2,sweing,8,0.7,30.1,824.0,5160,0,0.0,0,1,0.700206125,29
2/14/2015,7,Quarter2,sweing,7,0.7,30.1,957.0,7200,0,0.0,0,1,0.602,24
2/14/2015,7,Quarter2,sweing,11,0.6,11.41,1039.0,2280,23,0.0,0,2,0.600447507,24
2/14/2015,7,Quarter2,sweing,6,0.8,18.79,822.0,4080,0,0.0,0,0,0.557252451,26
2/14/2015,7,Quarter2,sweing,3,0.5,30.1,1261.0,6960,30,0.0,0,1,0.500801724,26
2/14/2015,7,Quarter2,finishing,6,0.8,2.9,0.0,960,0,0.0,0,0,0.483333333,20
2/14/2015,7,Quarter2,finishing,9,0.8,3.94,0.0,960,0,0.0,0,0,0.238041667,14
2/14/2015,7,Quarter3,finishing,1,0.8,3.94,0.0,960,0,0.0,0,0,1.1204375,40
2/14/2015,7,Quarter3,finishing,2,0.8,3.94,0.0,960,0,0.0,0,0,1.108125,40
2/14/2015,7,Quarter3,sweing,1,0.8,22.52,1420.0,6840,113,0.0,0,0,1.000230409,31
2/14/2015,7,Quarter3,finishing,12,0.8,4.08,0.0,1080,0,0.0,0,0,0.876444444,32
2/14/2015,7,Quarter3,sweing,12,0.8,15.26,1120.0,1440,50,0.0,0,0,0.800806306,32
2/14/2015,7,Quarter3,finishing,5,0.75,4.15,0.0,240,0,0.0,0,0,0.760833333,29
2/14/2015,7,Quarter3,sweing,5,0.8,30.1,679.0,7140,0,0.0,0,0,0.722568627,29
2/14/2015,7,Quarter3,finishing,11,0.6,2.9,0.0,1200,0,0.0,0,0,0.715333333,29
2/14/2015,7,Quarter3,sweing,7,0.7,30.1,881.0,7080,0,0.0,0,1,0.700632768,29
2/14/2015,7,Quarter3,sweing,8,0.7,30.1,507.0,5880,40,2.0,10,1,0.700573099,29
2/14/2015,7,Quarter3,sweing,6,0.75,18.79,814.0,4080,0,0.0,0,0,0.681598039,24
2/15/2015,1,Quarter3,sweing,11,0.65,11.41,700.0,2640,23,0.0,0,2,0.650223718,24
2/15/2015,1,Quarter3,finishing,8,0.7,4.15,0.0,960,0,0.0,0,0,0.605208333,24
2/15/2015,1,Quarter3,finishing,6,0.8,2.9,0.0,960,0,0.0,0,0,0.604166667,24
2/15/2015,1,Quarter3,sweing,4,0.75,30.1,919.0,7140,0,0.0,0,1,0.598627451,26
2/15/2015,1,Quarter3,sweing,3,0.6,30.1,1361.0,6960,30,0.0,0,1,0.475718391,20
2/15/2015,1,Quarter3,sweing,2,0.8,22.52,12.0,6900,0,0.0,0,0,0.432122899,20
2/15/2015,1,Quarter3,finishing,4,0.75,4.15,0.0,2400,0,0.0,0,0,0.287041667,14
2/15/2015,1,Quarter3,sweing,9,0.5,18.79,1688.0,5280,0,0.0,0,1,0.283054487,14
2/15/2015,1,Quarter3,sweing,1,0.8,22.52,1422.0,6840,113,0.0,0,0,1.000230409,31
2/15/2015,1,Quarter3,finishing,9,0.8,3.94,0.0,1200,0,0.0,0,0,0.960433333,32
2/15/2015,1,Quarter3,finishing,12,0.8,4.08,0.0,1080,0,0.0,0,0,0.891555556,32
2/15/2015,1,Quarter3,finishing,3,0.5,4.15,0.0,960,0,0.0,0,0,0.864583333,32
2/15/2015,1,Quarter3,sweing,3,0.65,30.1,1263.0,600,63,0.0,0,1,0.802243319,32
2/15/2015,1,Quarter3,sweing,5,0.8,30.1,461.0,0,0,0.0,0,0,0.800980392,32
2/15/2015,1,Quarter3,sweing,12,0.8,15.26,1079.0,3720,38,0.0,0,0,0.800312375,32
2/15/2015,1,Quarter3,finishing,6,0.8,2.9,0.0,960,0,0.0,0,0,0.773333333,29
2/15/2015,1,Quarter3,sweing,6,0.75,18.79,895.0,3960,0,0.0,0,0,0.75065101,29
2/15/2015,1,Quarter3,sweing,4,0.75,30.1,912.0,7020,0,0.0,0,1,0.750356125,29
2/15/2015,1,Quarter3,finishing,4,0.75,4.15,0.0,1800,0,0.0,0,0,0.722333333,29
2/16/2015,2,Quarter3,sweing,7,0.7,30.1,784.0,600,30,0.0,0,1,0.700459889,29
2/16/2015,2,Quarter3,finishing,5,0.75,4.15,0.0,1200,0,0.0,0,0,0.629416667,24
2/16/2015,2,Quarter3,sweing,8,0.7,30.1,7.0,7080,27,2.0,10,2,0.621971751,24
2/16/2015,2,Quarter3,sweing,11,0.7,11.41,680.0,2160,30,0.0,0,2,0.565972222,26
2/16/2015,2,Quarter3,sweing,10,0.6,18.22,1131.0,5280,0,0.0,0,1,0.35542803,15
2/16/2015,2,Quarter3,sweing,9,0.6,18.79,2103.0,5400,0,0.0,0,1,0.329964879,15
2/16/2015,2,Quarter3,finishing,7,0.7,4.15,0.0,1800,0,0.0,0,0,0.258,14
2/16/2015,2,Quarter3,sweing,1,0.8,22.52,1445.0,6840,113,0.0,0,0,1.000230409,31
2/16/2015,2,Quarter3,finishing,10,0.8,3.94,0.0,960,0,0.0,0,0,0.927541667,32
2/16/2015,2,Quarter3,finishing,7,0.7,5.13,0.0,1200,0,0.0,0,0,0.91375,32
2/16/2015,2,Quarter3,finishing,12,0.8,5.13,0.0,1080,0,0.0,0,0,0.9025,32
2/16/2015,2,Quarter3,sweing,12,0.8,15.26,1133.0,4080,38,0.0,0,0,0.800401961,32
2/16/2015,2,Quarter3,finishing,3,0.5,5.13,0.0,1800,0,0.0,0,0,0.7866,29
2/16/2015,2,Quarter3,sweing,6,0.75,18.79,726.0,3360,0,0.0,0,0,0.750621354,29
2/16/2015,2,Quarter3,sweing,4,0.75,30.1,849.0,7020,45,0.0,0,1,0.750356125,29
2/16/2015,2,Quarter3,finishing,6,0.8,2.9,0.0,960,0,0.0,0,0,0.749166667,29
2/16/2015,2,Quarter3,sweing,7,0.7,30.1,562.0,840,30,0.0,0,1,0.700888203,29
2/16/2015,2,Quarter3,sweing,11,0.7,11.41,1054.0,3420,30,0.0,0,2,0.700614035,29
2/17/2015,3,Quarter3,sweing,3,0.7,30.1,1422.0,6960,50,0.0,0,1,0.700603448,29
2/17/2015,3,Quarter3,finishing,4,0.75,5.13,0.0,960,0,0.0,0,0,0.656666667,24
2/17/2015,3,Quarter3,sweing,5,0.8,30.1,680.0,7140,0,0.0,0,0,0.653431373,24
2/17/2015,3,Quarter3,sweing,9,0.65,18.79,2120.0,5520,0,0.0,0,1,0.650134,24
2/17/2015,3,Quarter3,sweing,8,0.6,29.4,179.0,0,23,5.0,30,2,0.600982906,24
2/17/2015,3,Quarter3,finishing,9,0.8,3.94,0.0,960,0,0.0,0,0,0.586041667,26
2/17/2015,3,Quarter3,finishing,2,0.8,5.13,0.0,1800,0,0.0,0,0,0.5814,26
2/17/2015,3,Quarter3,sweing,2,0.5,30.33,838.0,6720,0,0.0,0,1,0.361071429,15
2/17/2015,3,Quarter3,sweing,10,0.65,18.22,741.0,0,0,8.0,35,1,0.302117347,15
2/17/2015,3,Quarter3,finishing,12,0.8,5.13,0.0,1200,0,0.0,0,0,0.9918,32
2/17/2015,3,Quarter3,finishing,6,0.8,2.9,0.0,1440,0,0.0,0,0,0.936861111,32
2/17/2015,3,Quarter3,finishing,2,0.8,5.13,0.0,1440,0,0.0,0,0,0.919125,32
2/17/2015,3,Quarter3,sweing,11,0.7,11.41,685.0,3360,30,0.0,0,2,0.8211125,32
2/17/2015,3,Quarter3,sweing,4,0.8,30.1,864.0,480,50,0.0,0,1,0.800980392,32
2/17/2015,3,Quarter3,sweing,5,0.8,30.1,511.0,0,0,0.0,0,0,0.800980392,32
2/17/2015,3,Quarter3,sweing,12,0.8,15.26,1095.0,4080,63,0.0,0,0,0.800401961,32
2/17/2015,3,Quarter3,sweing,1,0.8,22.52,1374.0,3960,63,0.0,0,0,0.800279693,32
2/17/2015,3,Quarter3,sweing,6,0.75,18.79,759.0,3960,34,0.0,0,0,0.75065101,29
2/17/2015,3,Quarter3,sweing,7,0.75,30.1,553.0,2280,45,0.0,0,1,0.75053268,29
2/17/2015,3,Quarter3,finishing,4,0.75,5.13,0.0,960,0,0.0,0,0,0.734645833,29
2/18/2015,4,Quarter3,sweing,3,0.7,30.1,1057.0,0,40,0.0,0,1,0.700603448,29
2/18/2015,4,Quarter3,sweing,9,0.7,18.79,1587.0,4560,30,0.0,0,1,0.70009573,29
2/18/2015,4,Quarter3,finishing,7,0.7,5.13,0.0,960,0,0.0,0,0,0.671875,24
2/18/2015,4,Quarter3,finishing,10,0.8,3.94,0.0,960,0,0.0,0,0,0.64025,24
2/18/2015,4,Quarter3,finishing,8,0.7,5.13,0.0,960,0,0.0,0,0,0.58,26
2/18/2015,4,Quarter3,finishing,9,0.8,3.94,0.0,960,0,0.0,0,0,0.549791667,26
2/18/2015,4,Quarter3,sweing,2,0.6,30.33,868.0,6840,0,0.0,0,1,0.328131579,15
2/18/2015,4,Quarter3,sweing,10,0.7,19.68,1119.0,5640,0,8.0,35,1,0.303574468,15
2/18/2015,4,Quarter3,finishing,3,0.5,5.13,0.0,960,0,0.0,0,0,0.2565,14
2/18/2015,4,Quarter3,sweing,8,0.65,29.4,962.0,4560,0,4.5,30,2,0.251399254,14
2/18/2015,4,Quarter3,finishing,3,0.5,5.13,0.0,2880,0,0.0,0,0,0.81640625,32
2/18/2015,4,Quarter3,sweing,12,0.8,15.26,1126.0,1080,38,0.0,0,0,0.800711494,32
2/18/2015,4,Quarter3,sweing,1,0.8,22.52,265.0,3840,63,0.0,0,0,0.800470513,32
2/18/2015,4,Quarter3,sweing,4,0.8,30.1,859.0,7020,63,0.0,0,1,0.800094017,32
2/18/2015,4,Quarter3,sweing,5,0.8,30.1,276.0,600,63,3.5,15,0,0.799982853,29
2/18/2015,4,Quarter3,finishing,6,0.8,2.9,0.0,4320,0,0.0,0,0,0.785864198,29
2/18/2015,4,Quarter3,sweing,6,0.75,18.79,899.0,3960,56,0.0,0,0,0.75065101,29
2/18/2015,4,Quarter3,finishing,10,0.8,3.94,0.0,2400,0,0.0,0,0,0.733277778,29
2/18/2015,4,Quarter3,finishing,2,0.8,5.13,0.0,3600,0,0.0,0,0,0.710125,29
2/18/2015,4,Quarter3,sweing,3,0.7,30.1,247.0,6960,50,0.0,0,1,0.700603448,29
2/18/2015,4,Quarter3,sweing,11,0.7,11.41,653.0,3480,30,0.0,0,2,0.700540441,29
2/19/2015,5,Quarter3,sweing,8,0.7,29.4,1116.0,6240,0,0.0,0,2,0.7,29
2/19/2015,5,Quarter3,finishing,4,0.75,5.13,0.0,1920,0,0.0,0,0,0.684027778,24
2/19/2015,5,Quarter3,finishing,8,0.7,5.13,0.0,1920,0,0.0,0,0,0.672135417,24
2/19/2015,5,Quarter3,sweing,9,0.7,18.79,1603.0,6120,30,0.0,0,1,0.638614379,24
2/19/2015,5,Quarter3,finishing,5,0.75,5.13,0.0,1920,0,0.0,0,0,0.631354167,24
2/19/2015,5,Quarter3,sweing,7,0.75,30.1,444.0,0,0,5.0,20,1,0.611140537,24
2/19/2015,5,Quarter3,finishing,12,0.8,5.13,0.0,2160,0,0.0,0,0,0.609583333,24
2/19/2015,5,Quarter3,sweing,2,0.65,30.33,841.0,6840,0,0.0,0,1,0.585315789,26
2/19/2015,5,Quarter3,sweing,10,0.7,19.68,1410.0,5760,0,0.0,0,1,0.249416667,14
2/19/2015,5,Quarter4,finishing,3,0.5,5.13,0.0,1800,0,0.0,0,0,0.8721,32
2/19/2015,5,Quarter4,finishing,6,0.8,2.9,0.0,960,0,0.0,0,0,0.8319375,32
2/19/2015,5,Quarter4,finishing,2,0.8,5.13,0.0,4800,0,0.0,0,0,0.8300625,32
2/19/2015,5,Quarter4,finishing,11,0.6,2.9,0.0,2880,0,0.0,0,0,0.805555556,32
2/19/2015,5,Quarter4,sweing,12,0.8,15.26,1103.0,4080,63,0.0,0,0,0.800401961,32
2/19/2015,5,Quarter4,sweing,4,0.8,30.1,922.0,5820,63,0.0,0,1,0.80000295,32
2/19/2015,5,Quarter4,finishing,12,0.8,5.13,0.0,2400,0,0.0,0,0,0.78375,29
2/19/2015,5,Quarter4,finishing,9,0.8,3.94,0.0,2400,0,0.0,0,0,0.753525,29
2/19/2015,5,Quarter4,sweing,6,0.75,18.79,1055.0,3960,45,0.0,0,0,0.75065101,29
2/19/2015,5,Quarter4,finishing,1,0.8,3.94,0.0,2880,0,0.0,0,0,0.727349537,29
2/19/2015,5,Quarter4,sweing,8,0.7,29.4,1146.0,6840,40,0.0,0,2,0.700614035,29
2/22/2015,1,Quarter4,sweing,2,0.7,30.33,746.0,6840,0,0.0,0,1,0.700605263,29
2/22/2015,1,Quarter4,sweing,11,0.75,11.41,834.0,3480,0,0.0,0,2,0.672140805,24
2/22/2015,1,Quarter4,sweing,9,0.7,18.79,1717.0,3240,30,0.0,0,1,0.627011183,24
2/22/2015,1,Quarter4,sweing,3,0.7,30.1,1041.0,8160,33,0.0,0,2,0.626577778,24
2/22/2015,1,Quarter4,sweing,10,0.7,21.25,1531.0,6000,0,0.0,0,1,0.456875,20
2/22/2015,1,Quarter4,sweing,7,0.75,30.1,627.0,6960,0,3.5,20,1,0.393548851,15
2/22/2015,1,Quarter4,finishing,10,0.8,3.94,0.0,960,0,0.0,0,0,0.385791667,15
2/22/2015,1,Quarter4,sweing,5,0.8,30.1,450.0,5700,0,4.5,25,0,0.307501459,15
2/22/2015,1,Quarter4,finishing,7,0.7,5.13,0.0,960,0,0.0,0,0,0.283958333,14
2/22/2015,1,Quarter4,finishing,10,0.8,3.94,0.0,2400,0,0.0,0,0,0.955791667,32
2/22/2015,1,Quarter4,finishing,8,0.7,5.13,0.0,960,0,0.0,0,0,0.930416667,32
2/22/2015,1,Quarter4,finishing,12,0.8,5.13,0.0,1080,0,0.0,0,0,0.9025,32
2/22/2015,1,Quarter4,finishing,3,0.8,5.13,0.0,2160,0,0.0,0,0,0.87115,32
2/22/2015,1,Quarter4,sweing,12,0.8,15.26,1060.0,4080,63,0.0,0,0,0.800401961,32
2/22/2015,1,Quarter4,sweing,4,0.8,30.1,891.0,7140,38,0.0,0,1,0.800137255,32
2/22/2015,1,Quarter4,sweing,5,0.8,30.1,541.0,7140,38,0.0,0,0,0.800137255,32
2/22/2015,1,Quarter4,sweing,7,0.75,30.1,709.0,6960,45,0.0,0,1,0.750770115,29
2/22/2015,1,Quarter4,sweing,6,0.75,18.79,1100.0,3960,45,0.0,0,0,0.75065101,29
2/22/2015,1,Quarter4,sweing,11,0.75,11.41,826.0,2820,0,0.0,0,2,0.750293939,29
2/22/2015,1,Quarter4,sweing,2,0.7,30.33,577.0,2160,30,0.0,0,1,0.700623,29
2/23/2015,2,Quarter4,sweing,8,0.7,29.4,1094.0,6840,40,0.0,0,2,0.700614035,29
2/23/2015,2,Quarter4,sweing,3,0.7,29.4,1228.0,6960,30,0.0,0,2,0.700362069,29
2/23/2015,2,Quarter4,sweing,9,0.7,18.79,1641.0,6000,40,0.0,0,1,0.60128,24
2/23/2015,2,Quarter4,sweing,10,0.7,21.25,1583.0,6000,0,0.0,0,1,0.417916667,20
2/23/2015,2,Quarter4,finishing,6,0.8,2.9,0.0,960,0,0.0,0,0,0.3715625,15
2/23/2015,2,Quarter4,finishing,9,0.8,2.9,0.0,960,0,0.0,0,0,0.3715625,15
2/23/2015,2,Quarter4,finishing,2,0.8,5.13,0.0,960,0,0.0,0,0,0.36871875,15
2/23/2015,2,Quarter4,finishing,7,0.7,5.13,0.0,960,0,0.0,0,0,0.356458333,15
2/23/2015,2,Quarter4,finishing,10,0.7,2.9,0.0,1800,0,0.0,0,0,0.902222222,32
2/23/2015,2,Quarter4,finishing,3,0.8,4.6,0.0,1440,0,0.0,0,0,0.811388889,32
2/23/2015,2,Quarter4,sweing,12,0.8,15.26,1062.0,4080,50,0.0,0,0,0.800401961,32
2/23/2015,2,Quarter4,sweing,5,0.8,30.1,450.0,7140,50,0.0,0,0,0.800137255,32
2/23/2015,2,Quarter4,sweing,4,0.8,30.1,901.0,6480,50,0.0,0,1,0.800071839,32
2/23/2015,2,Quarter4,finishing,8,0.7,4.6,0.0,960,0,0.0,0,0,0.791458333,29
2/23/2015,2,Quarter4,sweing,7,0.75,30.1,739.0,5640,45,0.0,0,1,0.750727326,29
2/23/2015,2,Quarter4,sweing,6,0.75,18.79,913.0,3360,45,0.0,0,0,0.75065101,29
2/23/2015,2,Quarter4,sweing,11,0.75,11.61,698.0,3360,34,0.0,0,2,0.750437269,29
2/23/2015,2,Quarter4,sweing,3,0.75,29.4,1172.0,5340,45,0.0,0,2,0.750176991,29
2/23/2015,2,Quarter4,finishing,6,0.75,2.9,0.0,1800,0,0.0,0,0,0.726933333,29
2/24/2015,3,Quarter4,finishing,9,0.7,2.9,0.0,1800,0,0.0,0,0,0.726933333,29
2/24/2015,3,Quarter4,sweing,2,0.7,30.33,408.0,1680,30,0.0,0,1,0.700623,29
2/24/2015,3,Quarter4,sweing,8,0.7,29.4,1079.0,4560,40,0.0,0,2,0.700518519,29
2/24/2015,3,Quarter4,sweing,9,0.7,18.79,1068.0,3000,30,0.0,0,1,0.700256795,29
2/24/2015,3,Quarter4,finishing,11,0.7,2.9,0.0,960,0,0.0,0,0,0.5046875,26
2/24/2015,3,Quarter4,sweing,10,0.7,21.25,1834.0,6360,0,0.0,0,1,0.471108491,20
2/24/2015,3,Quarter4,finishing,2,0.7,3.9,0.0,960,0,0.0,0,0,0.325,15
2/24/2015,3,Quarter4,sweing,1,0.6,22.53,708.0,5040,0,0.0,0,1,0.268214286,14
2/24/2015,3,Quarter4,sweing,9,0.75,18.79,1085.0,6240,56,0.0,0,1,0.970816667,32
2/24/2015,3,Quarter4,finishing,5,0.8,4.6,0.0,1080,0,0.0,0,0,0.902962963,32
2/24/2015,3,Quarter4,finishing,3,0.8,4.6,0.0,2400,0,0.0,0,0,0.900833333,32
2/24/2015,3,Quarter4,finishing,12,0.8,4.6,0.0,1800,0,0.0,0,0,0.899555556,32
2/24/2015,3,Quarter4,finishing,10,0.7,2.9,0.0,1200,0,0.0,0,0,0.845833333,32
2/24/2015,3,Quarter4,sweing,4,0.8,30.1,323.0,4080,50,0.0,0,1,0.800808642,32
2/24/2015,3,Quarter4,sweing,12,0.8,15.26,1053.0,4080,50,0.0,0,0,0.800401961,32
2/24/2015,3,Quarter4,sweing,7,0.8,30.1,786.0,7080,50,0.0,0,2,0.800115819,32
2/24/2015,3,Quarter4,sweing,6,0.75,18.79,1003.0,3960,45,0.0,0,1,0.75065101,29
2/24/2015,3,Quarter4,sweing,11,0.75,11.61,635.0,3360,45,0.0,0,0,0.750503571,29
2/24/2015,3,Quarter4,sweing,3,0.75,29.4,1283.0,6960,45,0.0,0,2,0.750206897,29
2/25/2015,4,Quarter4,sweing,8,0.7,29.4,847.0,6960,30,0.0,0,1,0.700362069,29
2/25/2015,4,Quarter4,sweing,2,0.7,30.33,361.0,3960,30,0.0,0,1,0.700069811,29
2/25/2015,4,Quarter4,sweing,10,0.7,21.82,1653.0,6240,0,0.0,0,2,0.700058333,29
2/25/2015,4,Quarter4,finishing,7,0.75,4.6,0.0,960,0,0.0,0,0,0.676666667,24
2/25/2015,4,Quarter4,finishing,8,0.7,4.6,0.0,960,0,0.0,0,0,0.658541667,24
2/25/2015,4,Quarter4,sweing,5,0.8,30.1,15.0,1200,49,0.0,0,1,0.598792339,26
2/25/2015,4,Quarter4,sweing,1,0.65,22.53,762.0,5040,0,0.0,0,1,0.581130952,26
2/25/2015,4,Quarter4,finishing,2,0.7,3.9,0.0,960,0,0.0,0,0,0.440375,20
2/25/2015,4,Quarter4,finishing,6,0.75,2.9,0.0,960,0,0.0,0,0,0.410833333,20
2/25/2015,4,Quarter4,finishing,9,0.7,2.9,0.0,960,0,0.0,0,0,0.410833333,20
2/25/2015,4,Quarter4,finishing,3,0.8,4.6,0.0,6300,0,0.0,0,0,0.921703704,32
2/25/2015,4,Quarter4,finishing,5,0.8,4.6,0.0,7560,0,0.0,0,0,0.921604938,32
2/25/2015,4,Quarter4,sweing,7,0.8,30.1,694.0,4080,50,0.0,0,1,0.800808642,32
2/25/2015,4,Quarter4,sweing,11,0.8,11.61,816.0,2820,50,0.0,0,2,0.800516667,32
2/25/2015,4,Quarter4,sweing,12,0.8,15.26,1065.0,4080,63,0.0,0,0,0.800401961,32
2/25/2015,4,Quarter4,finishing,1,0.5,3.94,0.0,3360,0,0.0,0,0,0.768847222,29
2/25/2015,4,Quarter4,sweing,6,0.75,18.79,912.0,3960,45,0.0,0,0,0.75065101,29
2/25/2015,4,Quarter4,sweing,3,0.75,29.4,1244.0,6840,45,0.0,0,2,0.750473684,29
2/25/2015,4,Quarter4,sweing,9,0.75,18.79,1020.0,5640,45,0.0,0,1,0.750371895,29
2/25/2015,4,Quarter4,sweing,8,0.75,29.4,916.0,6960,56,0.0,0,2,0.750206897,29
2/25/2015,4,Quarter4,sweing,10,0.7,21.82,1591.0,3240,0,0.0,0,1,0.700251773,29
2/26/2015,5,Quarter4,sweing,2,0.7,30.33,398.0,6960,0,0.0,0,1,0.66237931,24
2/26/2015,5,Quarter4,finishing,12,0.8,4.6,0.0,3780,0,0.0,0,0,0.590617284,26
2/26/2015,5,Quarter4,finishing,2,0.7,3.9,0.0,960,0,0.0,0,0,0.5565625,26
2/26/2015,5,Quarter4,sweing,4,0.8,30.1,437.0,7080,32,0.0,0,2,0.495617514,20
2/26/2015,5,Quarter4,sweing,5,0.35,27.48,413.0,6840,38,0.0,0,1,0.449964912,20
2/26/2015,5,Quarter4,finishing,10,0.7,2.9,0.0,3360,0,0.0,0,0,0.410833333,20
2/26/2015,5,Quarter4,finishing,9,0.75,2.9,0.0,960,0,0.0,0,0,0.4078125,20
2/26/2015,5,Quarter4,sweing,1,0.35,26.66,1164.0,6600,23,0.0,0,2,0.378895152,15
2/26/2015,5,Quarter4,finishing,8,0.75,4.6,0.0,3360,0,0.0,0,0,0.376597222,15
2/26/2015,5,Quarter4,finishing,6,0.75,2.9,0.0,3360,0,0.0,0,0,0.271875,14
2/26/2015,5,Quarter4,finishing,3,0.8,4.6,0.0,6300,0,0.0,0,0,0.921703704,32
2/26/2015,5,Quarter4,finishing,5,0.8,4.6,0.0,7560,0,0.0,0,0,0.921604938,32
2/26/2015,5,Quarter4,sweing,11,0.8,11.61,954.0,0,50,0.0,0,2,0.800779018,32
2/26/2015,5,Quarter4,sweing,12,0.8,15.26,1194.0,1700,62,0.0,0,0,0.800260821,32
2/26/2015,5,Quarter4,sweing,7,0.8,30.1,644.0,840,38,0.0,0,1,0.799982853,29
2/26/2015,5,Quarter4,finishing,1,0.5,3.94,0.0,3360,0,0.0,0,0,0.768847222,29
2/26/2015,5,Quarter4,sweing,3,0.75,29.4,1144.0,4440,45,0.0,0,2,0.750716981,29
2/26/2015,5,Quarter4,sweing,6,0.75,18.79,1012.0,3960,45,0.0,0,0,0.75065101,29
2/26/2015,5,Quarter4,sweing,8,0.75,29.4,792.0,4560,56,0.0,0,2,0.750425926,29
2/26/2015,5,Quarter4,sweing,9,0.75,18.79,841.0,6240,45,0.0,0,1,0.750395513,29
2/26/2015,5,Quarter4,sweing,10,0.7,21.82,1448.0,6120,40,0.0,0,1,0.700236601,29
2/28/2015,7,Quarter4,sweing,2,0.7,30.33,512.0,4560,0,0.0,0,1,0.700211111,29
2/28/2015,7,Quarter4,finishing,12,0.8,4.6,0.0,3780,0,0.0,0,0,0.590617284,26
2/28/2015,7,Quarter4,finishing,2,0.7,3.9,0.0,960,0,0.0,0,0,0.5565625,26
2/28/2015,7,Quarter4,sweing,5,0.5,27.48,609.0,6840,30,0.0,0,1,0.550403509,26
2/28/2015,7,Quarter4,sweing,1,0.5,26.66,1448.0,6840,30,0.0,0,2,0.550349708,26
2/28/2015,7,Quarter4,sweing,4,0.5,26.66,556.0,6960,23,0.0,0,2,0.500258046,26
2/28/2015,7,Quarter4,finishing,10,0.7,2.9,0.0,3360,0,0.0,0,0,0.410833333,20
2/28/2015,7,Quarter4,finishing,9,0.75,2.9,0.0,960,0,0.0,0,0,0.4078125,20
2/28/2015,7,Quarter4,finishing,8,0.75,4.6,0.0,3360,0,0.0,0,0,0.376597222,15
2/28/2015,7,Quarter4,finishing,6,0.75,2.9,0.0,3360,0,0.0,0,0,0.271875,14
2/28/2015,7,Quarter1,finishing,3,0.8,4.6,0.0,10500,0,0.0,0,0,0.936355556,32
2/28/2015,7,Quarter1,finishing,8,0.75,4.6,0.0,3360,0,0.0,0,0,0.813611111,32
2/28/2015,7,Quarter1,sweing,12,0.8,15.26,1106.0,4080,63,0.0,0,0,0.800401961,32
2/28/2015,7,Quarter1,sweing,8,0.75,29.4,622.0,6240,56,0.0,0,0,0.75075,29
2/28/2015,7,Quarter1,sweing,6,0.75,18.79,1193.0,3960,45,0.0,0,0,0.75065101,29
2/28/2015,7,Quarter1,sweing,3,0.75,29.4,1143.0,6840,45,0.0,0,0,0.750473684,29
2/28/2015,7,Quarter1,sweing,9,0.75,18.79,895.0,6240,34,0.0,0,0,0.750395513,29
2/28/2015,7,Quarter1,sweing,5,0.6,27.48,549.0,6720,38,0.0,0,0,0.707446429,29
2/28/2015,7,Quarter1,sweing,10,0.7,21.82,1393.0,5640,30,0.0,0,0,0.700236601,29
2/28/2015,7,Quarter1,sweing,1,0.6,26.66,1578.0,6840,38,0.0,0,0,0.700019883,29
2/28/2015,7,Quarter1,sweing,2,0.7,30.33,254.0,1800,0,0.0,0,0,0.683550607,24
03/01/2015,1,Quarter1,sweing,11,0.8,11.61,347.0,0,50,4.0,20,0,0.682433036,24
03/01/2015,1,Quarter1,finishing,4,0.6,3.94,0.0,960,0,0.0,0,0,0.673083333,24
03/01/2015,1,Quarter1,finishing,10,0.7,2.9,0.0,3360,0,0.0,0,0,0.664583333,24
03/01/2015,1,Quarter1,sweing,4,0.6,26.66,692.0,6840,23,0.0,0,0,0.600239766,24
03/01/2015,1,Quarter1,finishing,2,0.7,3.9,0.0,960,0,0.0,0,0,0.585,26
03/01/2015,1,Quarter1,sweing,7,0.8,30.1,934.0,6960,0,3.5,15,0,0.579511494,26
03/01/2015,1,Quarter1,finishing,1,0.6,3.94,0.0,3360,0,0.0,0,0,0.448722222,20
03/01/2015,1,Quarter1,finishing,9,0.75,2.9,0.0,960,0,0.0,0,0,0.447083333,20
03/01/2015,1,Quarter1,finishing,7,0.8,4.6,0.0,3360,0,0.0,0,0,0.350416667,15
03/01/2015,1,Quarter1,finishing,2,0.7,3.9,0.0,1200,0,0.0,0,0,0.92885,32
03/01/2015,1,Quarter1,finishing,3,0.8,4.6,0.0,10080,0,0.0,0,0,0.86037037,32
03/01/2015,1,Quarter1,finishing,4,0.65,3.94,0.0,960,0,0.0,0,0,0.806879167,32
03/01/2015,1,Quarter1,sweing,1,0.65,26.66,1527.0,6840,65,0.0,0,0,0.800579532,32
03/01/2015,1,Quarter1,sweing,12,0.8,15.26,1035.0,4080,63,0.0,0,0,0.800401961,32
03/01/2015,1,Quarter1,finishing,9,0.75,2.9,0.0,1200,0,0.0,0,0,0.8004,32
03/01/2015,1,Quarter1,sweing,11,0.8,11.61,632.0,0,50,0.0,0,0,0.800309211,32
03/01/2015,1,Quarter1,sweing,3,0.8,29.4,1231.0,4680,50,0.0,0,0,0.800149813,32
03/01/2015,1,Quarter1,sweing,7,0.8,30.1,616.0,7080,0,0.0,0,0,0.800115819,32
03/01/2015,1,Quarter1,finishing,8,0.75,4.6,0.0,3360,0,0.0,0,0,0.773333333,29
03/01/2015,1,Quarter1,sweing,6,0.75,18.79,947.0,2880,34,0.0,0,0,0.750797009,29
03/02/2015,2,Quarter1,sweing,8,0.75,29.4,551.0,6840,45,0.0,0,0,0.750473684,29
03/02/2015,2,Quarter1,sweing,9,0.75,18.79,935.0,6240,45,0.0,0,0,0.750395513,29
03/02/2015,2,Quarter1,sweing,4,0.65,26.66,832.0,6780,55,0.0,0,0,0.750254867,29
03/02/2015,2,Quarter1,sweing,5,0.65,27.48,544.0,6720,34,0.0,0,0,0.700903571,29
03/02/2015,2,Quarter1,sweing,10,0.7,21.82,1511.0,3600,30,0.0,0,0,0.70013604,29
03/02/2015,2,Quarter1,finishing,10,0.7,2.9,0.0,3360,0,0.0,0,0,0.632361111,24
03/02/2015,2,Quarter1,finishing,12,0.8,4.6,0.0,3780,0,0.0,0,0,0.607654321,24
03/02/2015,2,Quarter1,finishing,1,0.65,3.94,0.0,3360,0,0.0,0,0,0.537919444,26
03/02/2015,2,Quarter1,finishing,7,0.8,4.6,0.0,3360,0,0.0,0,0,0.342361111,15
03/02/2015,2,Quarter1,finishing,7,0.8,4.6,0.0,4200,0,0.0,0,0,0.999533333,32
03/02/2015,2,Quarter1,finishing,3,0.8,4.6,0.0,6300,0,0.0,0,0,0.902962963,32
03/02/2015,2,Quarter1,sweing,11,0.8,11.41,601.0,0,50,0.0,0,0,0.800701754,32
03/02/2015,2,Quarter1,sweing,1,0.7,26.66,1562.0,6960,60,0.0,0,0,0.800566092,32
03/02/2015,2,Quarter1,sweing,12,0.8,15.26,983.0,4080,50,0.0,0,0,0.800401961,32
03/02/2015,2,Quarter1,sweing,3,0.8,29.4,1156.0,6840,50,0.0,0,0,0.800333333,32
03/02/2015,2,Quarter1,sweing,7,0.8,30.1,29.0,7080,50,0.0,0,0,0.800115819,32
03/02/2015,2,Quarter1,sweing,4,0.7,26.66,950.0,6960,50,0.0,0,0,0.750770115,29
03/02/2015,2,Quarter1,sweing,8,0.75,29.4,534.0,6840,56,0.0,0,0,0.750473684,29
03/02/2015,2,Quarter1,sweing,9,0.75,18.79,1096.0,6240,34,0.0,0,0,0.750395513,29
03/02/2015,2,Quarter1,sweing,6,0.75,20.2,402.0,3120,45,0.0,0,0,0.750212553,29
03/03/2015,3,Quarter1,finishing,8,0.75,4.6,0.0,3360,0,0.0,0,0,0.702777778,29
03/03/2015,3,Quarter1,sweing,5,0.7,27.48,573.0,6840,30,0.0,0,0,0.700659649,29
03/03/2015,3,Quarter1,sweing,10,0.7,21.82,1313.0,5040,30,0.0,0,0,0.699984417,24
03/03/2015,3,Quarter1,finishing,12,0.8,4.6,0.0,3780,0,0.0,0,0,0.636049383,24
03/03/2015,3,Quarter1,finishing,2,0.4,3.9,0.0,6300,0,0.0,0,0,0.567377778,26
03/03/2015,3,Quarter1,finishing,1,0.7,3.94,0.0,3360,0,0.0,0,0,0.555430556,26
03/03/2015,3,Quarter1,finishing,4,0.7,3.94,0.0,3360,0,0.0,0,0,0.555430556,26
03/03/2015,3,Quarter1,finishing,10,0.7,2.9,0.0,3360,0,0.0,0,0,0.463194444,20
03/03/2015,3,Quarter1,finishing,5,0.7,4.6,0.0,3360,0,0.0,0,0,0.354444444,15
03/03/2015,3,Quarter1,finishing,6,0.75,2.9,0.0,3360,0,0.0,0,0,0.309333333,15
03/03/2015,3,Quarter1,sweing,2,0.4,15.28,157.0,5400,0,6.5,30,1,0.30277037,15
03/03/2015,3,Quarter1,finishing,3,0.8,4.6,0.0,1200,0,0.0,0,0,0.939166667,32
03/03/2015,3,Quarter1,finishing,8,0.8,4.6,0.0,960,0,0.0,0,0,0.930416667,32
03/03/2015,3,Quarter1,finishing,12,0.8,4.6,0.0,1080,0,0.0,0,0,0.885925926,32
03/03/2015,3,Quarter1,finishing,9,0.75,2.9,0.0,960,0,0.0,0,0,0.83375,32
03/03/2015,3,Quarter1,finishing,1,0.7,3.94,0.0,960,0,0.0,0,0,0.806879167,32
03/03/2015,3,Quarter1,finishing,4,0.7,3.94,0.0,960,0,0.0,0,0,0.806058333,32
03/03/2015,3,Quarter1,sweing,11,0.8,11.41,433.0,0,38,0.0,0,0,0.800701754,32
03/03/2015,3,Quarter1,sweing,12,0.8,15.26,961.0,4080,50,0.0,0,0,0.800401961,32
03/03/2015,3,Quarter1,sweing,3,0.8,29.4,1169.0,6840,63,0.0,0,0,0.800333333,32
03/03/2015,3,Quarter1,sweing,7,0.8,30.1,874.0,3960,50,0.0,0,0,0.800055762,32
03/03/2015,3,Quarter1,sweing,4,0.7,26.82,1028.0,6960,60,0.0,0,0,0.799975862,29
03/04/2015,4,Quarter1,sweing,1,0.7,26.82,1772.0,6960,50,0.0,0,0,0.750651724,29
03/04/2015,4,Quarter1,sweing,9,0.75,18.79,1206.0,6240,34,0.0,0,0,0.750395513,29
03/04/2015,4,Quarter1,sweing,5,0.7,27.48,586.0,6960,40,0.0,0,0,0.700424138,29
03/04/2015,4,Quarter1,sweing,10,0.7,21.82,1334.0,5760,30,0.0,0,0,0.700058333,29
03/04/2015,4,Quarter1,finishing,7,0.8,4.6,0.0,8400,0,0.0,0,0,0.684888889,24
03/04/2015,4,Quarter1,finishing,5,0.7,4.6,0.0,960,0,0.0,0,0,0.592083333,26
03/04/2015,4,Quarter1,finishing,2,0.5,3.9,0.0,960,0,0.0,0,0,0.5403125,26
03/04/2015,4,Quarter1,sweing,8,0.8,29.4,30.0,6840,0,0.0,0,0,0.433263158,20
03/04/2015,4,Quarter1,sweing,2,0.5,15.28,261.0,5520,0,0.0,0,1,0.404144928,20
03/04/2015,4,Quarter1,sweing,6,0.75,18.79,52.0,3960,0,0.0,0,0,0.332146465,15
03/04/2015,4,Quarter1,finishing,8,0.8,4.6,0.0,2640,0,0.0,0,0,0.980984848,32
03/04/2015,4,Quarter1,finishing,2,0.6,3.9,0.0,960,0,0.0,0,0,0.950625,32
03/04/2015,4,Quarter1,finishing,11,0.8,2.9,0.0,1200,0,0.0,0,0,0.927291667,32
03/04/2015,4,Quarter1,finishing,12,0.8,4.6,0.0,1080,0,0.0,0,0,0.868888889,32
03/04/2015,4,Quarter1,finishing,1,0.7,3.94,0.0,960,0,0.0,0,0,0.812625,32
03/04/2015,4,Quarter1,finishing,4,0.7,3.94,0.0,960,0,0.0,0,0,0.812625,32
03/04/2015,4,Quarter1,finishing,3,0.8,4.6,0.0,1800,0,0.0,0,0,0.810111111,32
03/04/2015,4,Quarter1,sweing,11,0.8,11.41,455.0,3420,50,0.0,0,0,0.800701754,32
03/04/2015,4,Quarter1,sweing,3,0.8,29.4,797.0,1800,63,0.0,0,0,0.800534979,32
03/04/2015,4,Quarter1,sweing,12,0.8,15.26,959.0,4080,50,0.0,0,0,0.800401961,32
03/04/2015,4,Quarter1,sweing,1,0.7,26.82,1373.0,6960,50,0.0,0,0,0.750651724,29
03/05/2015,5,Quarter1,sweing,9,0.75,18.79,1228.0,6240,45,0.0,0,0,0.750395513,29
03/05/2015,5,Quarter1,sweing,4,0.7,26.82,1117.0,7080,50,0.0,0,0,0.750050847,29
03/05/2015,5,Quarter1,sweing,5,0.7,27.48,230.0,6960,40,0.0,0,0,0.700424138,29
03/05/2015,5,Quarter1,sweing,10,0.7,21.82,1390.0,6000,30,0.0,0,0,0.700422,29
03/05/2015,5,Quarter1,sweing,2,0.6,15.28,529.0,1320,0,0.0,0,1,0.600099145,24
03/05/2015,5,Quarter1,finishing,9,0.75,2.9,0.0,960,0,0.0,0,0,0.453125,20
03/05/2015,5,Quarter1,sweing,7,0.8,30.1,834.0,1200,0,4.0,40,0,0.366053523,15
03/05/2015,5,Quarter1,sweing,6,0.35,22.53,1450.0,2640,0,0.0,0,1,0.26369382,14
03/05/2015,5,Quarter1,finishing,12,0.8,4.6,0.0,1080,0,0.0,0,0,0.868888889,32
03/05/2015,5,Quarter1,sweing,12,0.8,15.26,986.0,4080,75,0.0,0,0,0.850520588,32
03/05/2015,5,Quarter1,sweing,1,0.7,26.82,1267.0,8160,70,0.0,0,0,0.850045,32
03/05/2015,5,Quarter1,finishing,7,0.8,4.6,0.0,6000,0,0.0,0,0,0.825444444,32
03/05/2015,5,Quarter1,finishing,5,0.35,3.94,0.0,2400,0,0.0,0,0,0.80575,32
03/05/2015,5,Quarter1,sweing,4,0.7,26.82,1195.0,6960,60,0.0,0,0,0.800746552,32
03/05/2015,5,Quarter1,sweing,3,0.8,29.4,983.0,6840,63,0.0,0,1,0.800578947,32
03/05/2015,5,Quarter1,sweing,11,0.8,11.41,471.0,3420,50,0.0,0,0,0.800034503,32
03/05/2015,5,Quarter1,finishing,6,0.5,2.9,0.0,960,0,0.0,0,0,0.7975,29
03/05/2015,5,Quarter1,sweing,9,0.75,18.79,1226.0,3480,45,0.0,0,0,0.749987124,29
03/05/2015,5,Quarter1,sweing,10,0.7,21.82,1251.0,6000,30,0.0,0,0,0.700422,29
03/07/2015,7,Quarter1,finishing,1,0.7,3.94,0.0,960,0,0.0,0,0,0.664875,24
03/07/2015,7,Quarter1,finishing,4,0.7,3.94,0.0,960,0,0.0,0,0,0.664875,24
03/07/2015,7,Quarter1,finishing,11,0.8,2.9,0.0,960,0,0.0,0,0,0.657083333,24
03/07/2015,7,Quarter1,sweing,2,0.65,16.1,626.0,4200,0,0.0,0,1,0.65024031,24
03/07/2015,7,Quarter1,finishing,8,0.8,4.6,0.0,3600,0,0.0,0,0,0.590740741,26
03/07/2015,7,Quarter1,finishing,2,0.65,3.9,0.0,1920,0,0.0,0,0,0.528125,26
03/07/2015,7,Quarter1,sweing,6,0.5,23.41,1379.0,2280,0,0.0,0,1,0.500528095,26
03/07/2015,7,Quarter1,sweing,5,0.7,27.48,541.0,6960,24,0.0,0,1,0.408960345,20
03/07/2015,7,Quarter2,finishing,3,0.8,4.6,0.0,1440,0,0.0,0,0,0.951944444,32
03/07/2015,7,Quarter2,finishing,12,0.8,4.6,0.0,1080,0,0.0,0,0,0.945555556,32
03/07/2015,7,Quarter2,finishing,9,0.75,2.9,0.0,1080,0,0.0,0,0,0.929074074,32
03/07/2015,7,Quarter2,finishing,1,0.75,3.94,0.0,960,0,0.0,0,0,0.890604167,32
03/07/2015,7,Quarter2,finishing,4,0.75,3.94,0.0,960,0,0.0,0,0,0.890604167,32
03/07/2015,7,Quarter2,finishing,2,0.7,3.9,0.0,1200,0,0.0,0,0,0.884,32
03/07/2015,7,Quarter2,finishing,5,0.5,3.94,0.0,960,0,0.0,0,0,0.857916667,32
03/07/2015,7,Quarter2,sweing,4,0.75,26.82,1082.0,6840,65,0.0,0,0,0.850084211,32
03/07/2015,7,Quarter2,sweing,1,0.75,26.82,1254.0,6960,65,0.0,0,0,0.85007069,32
03/07/2015,7,Quarter2,sweing,3,0.8,30.1,1278.0,3360,50,0.0,0,1,0.800511068,32
03/07/2015,7,Quarter2,sweing,12,0.8,15.26,1064.0,4080,63,0.0,0,0,0.800401961,32
03/08/2015,1,Quarter2,sweing,11,0.8,11.41,313.0,3420,50,0.0,0,0,0.800034503,32
03/08/2015,1,Quarter2,finishing,11,0.8,2.9,0.0,960,0,0.0,0,0,0.755208333,29
03/08/2015,1,Quarter2,sweing,9,0.75,18.79,1239.0,5640,45,0.0,0,0,0.750371895,29
03/08/2015,1,Quarter2,sweing,10,0.7,21.82,1335.0,6000,30,0.0,0,0,0.700422,29
03/08/2015,1,Quarter2,sweing,2,0.7,16.1,928.0,4800,30,0.0,0,1,0.700106061,29
03/08/2015,1,Quarter2,sweing,6,0.6,23.41,1266.0,2520,23,0.0,0,1,0.601037091,24
03/08/2015,1,Quarter2,sweing,8,0.6,30.48,869.0,6720,0,0.0,0,1,0.600528571,24
03/08/2015,1,Quarter2,sweing,5,0.5,26.82,711.0,7080,23,0.0,0,1,0.500033898,26
03/08/2015,1,Quarter2,finishing,8,0.6,3.9,0.0,960,0,0.0,0,0,0.4509375,20
03/08/2015,1,Quarter2,finishing,10,0.7,2.9,0.0,960,0,0.0,0,0,0.441041667,20
03/08/2015,1,Quarter2,finishing,6,0.6,2.9,0.0,960,0,0.0,0,0,0.271875,14
03/08/2015,1,Quarter2,sweing,4,0.75,26.82,1079.0,7020,65,0.0,0,0,0.850446154,32
03/08/2015,1,Quarter2,sweing,1,0.75,26.82,1322.0,7140,65,0.0,0,0,0.850426891,32
03/08/2015,1,Quarter2,sweing,3,0.8,30.1,964.0,5160,50,0.0,0,1,0.800842424,32
03/08/2015,1,Quarter2,sweing,12,0.8,15.26,1132.0,4080,63,0.0,0,0,0.800401961,32
03/08/2015,1,Quarter2,sweing,11,0.8,11.41,357.0,3420,50,0.0,0,0,0.800034503,32
03/08/2015,1,Quarter2,sweing,9,0.75,18.79,1193.0,6240,45,0.0,0,0,0.750395513,29
03/08/2015,1,Quarter2,sweing,2,0.7,16.1,817.0,5520,30,0.0,0,1,0.700516224,29
03/08/2015,1,Quarter2,sweing,10,0.7,21.82,1576.0,6000,30,0.0,0,0,0.700422,29
03/08/2015,1,Quarter2,sweing,6,0.65,23.41,1262.0,4560,35,0.0,0,1,0.650962281,24
03/08/2015,1,Quarter2,sweing,8,0.65,30.48,953.0,6720,26,0.0,0,1,0.650421429,24
03/08/2015,1,Quarter2,sweing,5,0.6,26.82,919.0,7080,23,0.0,0,1,0.600040678,24
03/09/2015,2,Quarter2,sweing,7,0.5,30.48,1161.0,6600,0,0.0,0,1,0.500610909,26
03/09/2015,2,Quarter2,finishing,12,0.8,4.6,0.0,1080,0,0.0,0,0,0.92,32
03/09/2015,2,Quarter2,finishing,5,0.6,3.94,0.0,1440,0,0.0,0,0,0.909391667,32
03/09/2015,2,Quarter2,sweing,1,0.75,26.82,1574.0,7080,75,0.0,0,0,0.900061017,32
03/09/2015,2,Quarter2,finishing,3,0.8,4.6,0.0,1440,0,0.0,0,0,0.894444444,32
03/09/2015,2,Quarter2,finishing,4,0.75,3.94,0.0,960,0,0.0,0,0,0.881575,32
03/09/2015,2,Quarter2,finishing,1,0.75,3.94,0.0,960,0,0.0,0,0,0.880754167,32
03/09/2015,2,Quarter2,sweing,4,0.75,26.82,1104.0,5880,65,0.0,0,0,0.850084211,32
03/09/2015,2,Quarter2,finishing,9,0.75,2.9,0.0,1800,0,0.0,0,0,0.821666667,32
03/09/2015,2,Quarter2,sweing,12,0.8,15.26,1069.0,4080,63,0.0,0,0,0.800401961,32
03/09/2015,2,Quarter2,sweing,3,0.8,30.1,756.0,6960,63,0.0,0,1,0.800071839,32
03/09/2015,2,Quarter2,sweing,11,0.8,11.41,338.0,3420,50,0.0,0,0,0.800034503,32
03/09/2015,2,Quarter2,finishing,11,0.8,2.9,0.0,960,0,0.0,0,0,0.758229167,29
03/09/2015,2,Quarter2,sweing,10,0.75,21.82,1499.0,6000,34,0.0,0,0,0.750608,29
03/09/2015,2,Quarter2,sweing,9,0.75,18.79,1247.0,6240,45,0.0,0,0,0.750395513,29
03/09/2015,2,Quarter2,finishing,2,0.7,3.9,0.0,960,0,0.0,0,0,0.741,29
03/09/2015,2,Quarter2,sweing,8,0.7,30.48,923.0,6840,30,0.0,0,1,0.700505263,29
03/09/2015,2,Quarter2,sweing,6,0.7,23.41,1180.0,4560,30,0.0,0,1,0.700246491,29
03/09/2015,2,Quarter2,sweing,2,0.7,16.1,957.0,5400,40,0.0,0,1,0.700051852,29
03/09/2015,2,Quarter2,sweing,5,0.65,26.82,1001.0,7080,26,0.0,0,1,0.650044068,24
03/09/2015,2,Quarter2,sweing,7,0.6,30.48,1017.0,6840,25,0.0,0,1,0.630402924,24
03/09/2015,2,Quarter2,finishing,8,0.65,3.9,0.0,960,0,0.0,0,0,0.560625,26
03/10/2015,3,Quarter2,finishing,7,0.5,3.9,0.0,960,0,0.0,0,0,0.560625,26
03/10/2015,3,Quarter2,finishing,10,0.7,2.9,0.0,960,0,0.0,0,0,0.39875,15
03/10/2015,3,Quarter2,finishing,12,0.8,4.6,0.0,2160,0,0.0,0,0,0.922839506,32
03/10/2015,3,Quarter2,finishing,11,0.8,2.9,0.0,2400,0,0.0,0,0,0.874027778,32
03/10/2015,3,Quarter2,finishing,2,0.75,3.9,0.0,1920,0,0.0,0,0,0.819270833,32
03/10/2015,3,Quarter2,finishing,4,0.75,3.94,0.0,1920,0,0.0,0,0,0.813309028,32
03/10/2015,3,Quarter2,finishing,1,0.75,3.94,0.0,1920,0,0.0,0,0,0.812625,32
03/10/2015,3,Quarter2,sweing,12,0.8,15.26,470.0,4080,63,0.0,0,0,0.800401961,32
03/10/2015,3,Quarter2,sweing,3,0.8,30.1,735.0,6960,63,0.0,0,1,0.800071839,32
03/10/2015,3,Quarter2,sweing,11,0.8,11.41,560.0,3420,50,0.0,0,0,0.800034503,32
03/10/2015,3,Quarter2,finishing,3,0.8,4.6,0.0,1920,0,0.0,0,0,0.786631944,29
03/10/2015,3,Quarter2,finishing,5,0.7,3.94,0.0,1440,0,0.0,0,0,0.75885,29
03/10/2015,3,Quarter2,sweing,10,0.75,21.82,1674.0,6000,34,0.0,0,0,0.750608,29
03/10/2015,3,Quarter2,sweing,9,0.75,18.79,290.0,5040,45,0.0,0,0,0.750347333,29
03/10/2015,3,Quarter2,sweing,2,0.75,16.1,971.0,5400,45,0.0,0,1,0.750140741,29
03/10/2015,3,Quarter2,sweing,1,0.75,26.82,1322.0,7080,45,0.0,0,0,0.750050847,29
03/10/2015,3,Quarter2,sweing,4,0.75,26.82,1054.0,7080,45,0.0,0,0,0.750050847,29
03/10/2015,3,Quarter2,sweing,5,0.7,26.82,992.0,6960,30,0.0,0,1,0.700556897,29
03/10/2015,3,Quarter2,sweing,8,0.7,30.48,914.0,6840,30,0.0,0,1,0.700505263,29
03/10/2015,3,Quarter2,sweing,6,0.7,23.41,1128.0,4560,40,0.0,0,1,0.700246491,29
03/10/2015,3,Quarter2,sweing,7,0.65,30.48,935.0,6840,26,0.0,0,1,0.650596491,24
03/10/2015,3,Quarter2,finishing,10,0.75,2.9,0.0,960,0,0.0,0,0,0.628333333,24
03/10/2015,3,Quarter2,finishing,8,0.7,3.9,0.0,960,0,0.0,0,0,0.625625,24
03/11/2015,4,Quarter2,finishing,7,0.65,3.9,0.0,960,0,0.0,0,0,0.625625,24
03/11/2015,4,Quarter2,finishing,9,0.75,2.9,0.0,1800,0,0.0,0,0,0.505888889,26
03/11/2015,4,Quarter2,finishing,6,0.7,2.9,0.0,720,0,0.0,0,0,0.394722222,15
