reg,presentosaberpro,cole_area_ubicacion,cole_bilingue,cole_calendario,cole_genero,cole_naturaleza,estu_antecedentes,estu_area_reside,estu_genero,fami_estrato_vivienda,estu_vecespresentoexamen,desemp_ingles,cole_jornada,cole_caracter
1,SI,1,0,0,1,0,1,1,0,3,0,1,0,0
2,SI,1,0,1,1,1,0,0,0,1,1,1,0,2
3,SI,1,0,1,0,1,1,0,0,2,1,1,0,0
4,SI,1,0,1,1,1,0,1,0,3,1,3,0,0
5,SI,1,0,1,1,1,0,1,0,2,0,0,0,0
6,SI,1,0,1,1,1,0,1,0,2,3,0,1,0
7,SI,1,0,1,1,0,0,1,0,2,3,2,0,0
8,SI,1,0,1,1,0,0,1,1,3,0,1,0,0
9,SI,1,0,1,1,1,0,1,0,2,0,0,3,2
10,SI,1,0,1,1,1,0,1,0,1,0,1,0,2
11,SI,1,0,1,1,1,0,1,0,1,1,0,0,0
12,SI,1,0,1,1,1,0,0,0,2,2,0,0,0
13,SI,0,0,1,1,1,0,0,0,1,0,0,0,0
14,SI,1,0,1,1,1,0,0,0,1,1,0,0,2
15,SI,1,0,1,1,1,0,1,1,2,1,1,0,2
16,SI,1,0,1,1,1,0,0,0,2,0,1,0,0
17,SI,1,0,1,1,1,0,1,0,2,0,0,0,0
18,SI,1,0,1,1,1,0,1,0,2,0,0,1,0
19,SI,1,0,1,1,1,1,1,0,1,0,0,2,2
20,SI,1,0,1,1,1,0,0,0,1,0,0,3,2
21,SI,1,0,1,1,1,0,1,1,2,0,2,0,1
22,SI,0,0,1,1,1,0,0,1,1,0,1,0,2
23,SI,1,0,1,1,1,0,1,1,2,0,1,0,0
24,SI,1,0,1,1,0,0,1,1,3,0,2,0,0
25,SI,1,0,1,1,1,0,0,0,2,2,0,0,0
26,SI,0,0,1,1,1,0,0,1,1,1,1,0,0
27,SI,1,0,1,1,0,0,1,1,2,1,1,0,0
28,SI,1,0,1,0,1,0,1,0,1,0,2,0,0
29,SI,1,0,1,1,1,0,1,1,2,0,1,0,0
30,SI,1,0,0,1,0,0,1,1,3,0,2,0,0
31,SI,1,0,1,1,1,0,1,1,3,0,1,1,2
32,SI,1,0,1,1,1,0,1,1,1,0,1,0,2
33,SI,1,0,1,1,0,0,1,1,3,1,1,0,0
34,SI,1,0,1,1,1,0,1,1,2,2,3,1,0
35,SI,1,0,1,1,1,0,1,0,1,0,1,1,2
36,SI,1,0,1,1,1,0,1,0,2,0,2,1,0
37,SI,1,0,1,1,1,0,1,1,3,0,2,0,0
38,SI,1,0,1,1,1,1,1,1,3,0,3,0,1
39,SI,1,0,0,1,0,0,1,0,3,0,0,4,0
40,SI,1,0,1,0,1,0,1,0,3,0,1,0,0
41,SI,1,0,1,1,1,0,1,0,2,0,2,0,0
42,SI,1,0,1,1,1,0,1,1,1,0,1,0,2
43,SI,1,1,1,1,0,0,1,0,3,0,3,0,0
44,SI,0,0,1,1,1,0,0,1,1,1,2,0,1
45,SI,1,0,1,1,1,0,1,1,2,2,2,0,0
46,SI,1,0,1,1,1,0,0,0,1,3,1,0,2
47,SI,1,0,1,1,0,0,1,1,2,0,1,0,0
48,SI,1,0,1,1,0,0,1,1,2,0,0,1,0
49,SI,0,0,1,1,1,0,0,0,1,0,1,0,2
50,SI,1,0,1,1,1,0,1,0,1,0,0,0,0
51,SI,1,0,1,1,1,0,1,0,1,2,0,0,2
52,SI,1,0,1,1,1,0,1,1,3,0,3,0,1
53,SI,1,0,1,1,0,0,1,1,4,0,0,0,0
54,SI,1,1,1,1,1,1,1,1,1,0,0,0,2
55,SI,0,0,1,1,1,0,0,0,2,0,1,0,2
56,SI,0,0,1,1,1,1,0,0,1,0,2,0,0
57,SI,1,0,1,1,1,0,1,1,1,0,3,0,0
58,SI,1,0,1,1,1,0,1,0,1,0,3,1,0
59,SI,1,0,1,1,1,0,1,0,1,0,2,0,0
60,SI,1,0,1,1,1,0,1,0,1,0,1,0,2
61,SI,1,0,1,1,0,0,1,0,2,0,0,0,0
62,SI,1,0,1,1,0,0,1,0,3,0,4,0,0
63,SI,1,0,1,1,1,0,1,1,2,0,1,0,0
64,SI,1,0,1,1,0,0,1,1,3,1,1,0,0
65,SI,1,0,1,1,1,0,1,0,3,0,1,0,0
66,SI,1,0,1,1,1,0,1,1,3,0,1,0,0
67,SI,1,0,1,1,1,0,0,1,1,0,2,0,0
68,SI,1,0,1,1,1,0,1,1,1,2,1,0,2
69,SI,0,0,1,1,1,0,0,0,1,0,0,0,2
70,SI,1,0,1,1,1,0,1,0,1,1,1,0,0
71,SI,1,0,1,1,1,0,1,1,1,0,0,0,0
72,SI,1,0,1,1,1,0,1,1,5,0,0,0,0
73,SI,1,0,1,1,0,0,1,0,3,0,1,0,0
74,SI,1,0,1,1,0,0,1,0,2,0,1,0,0
75,SI,1,0,1,1,1,0,0,0,1,0,0,0,2
76,SI,1,0,1,0,1,0,1,0,1,0,0,0,0
77,SI,1,0,1,0,1,0,1,0,2,0,0,0,0
78,SI,1,0,1,1,1,0,1,0,1,0,0,0,0
79,SI,1,0,1,1,1,0,1,1,2,0,0,1,1
80,SI,0,0,1,1,1,0,0,0,1,0,0,0,2
81,SI,1,0,1,0,1,0,0,0,1,0,1,0,0
82,SI,1,0,1,1,1,0,1,0,1,0,1,0,0
83,SI,1,0,1,1,1,0,0,0,1,1,0,0,2
84,SI,1,0,1,1,0,0,0,1,3,0,3,0,0
85,SI,1,1,1,1,1,0,0,0,1,0,0,2,2
86,SI,1,0,1,1,0,0,1,0,3,2,0,0,0
87,SI,1,0,1,1,1,0,1,0,1,2,1,0,2
88,SI,1,0,0,1,0,0,1,1,4,0,1,0,0
89,SI,1,0,1,1,1,0,1,0,2,1,0,0,0
90,SI,0,0,1,1,1,0,0,1,1,0,2,0,0
91,SI,0,0,1,1,1,0,0,1,1,0,0,4,1
92,SI,1,0,1,1,1,0,0,1,1,0,0,0,0
93,SI,1,0,0,1,0,0,1,1,4,0,4,3,0
94,SI,1,0,1,1,1,0,1,0,1,1,1,1,2
95,SI,1,0,1,1,0,0,1,0,2,2,2,0,0
96,SI,1,0,1,1,1,0,1,1,2,1,2,1,2
97,SI,1,1,1,1,1,0,1,1,3,0,0,0,0
98,SI,0,0,1,1,1,0,0,1,1,0,0,0,2
99,SI,1,0,1,1,1,1,1,1,1,0,0,2,2
100,SI,1,0,1,1,1,0,1,0,1,0,0,0,2
101,SI,1,0,1,1,0,0,1,1,2,0,1,0,0
102,SI,1,0,1,0,0,0,1,0,3,2,0,0,0
103,SI,1,0,1,1,0,0,1,0,3,0,2,0,0
104,SI,1,0,1,1,1,0,1,0,2,0,2,0,0
105,SI,1,0,1,0,1,0,1,0,3,0,1,0,0
106,SI,1,0,1,1,1,0,1,1,2,1,2,0,0
107,SI,1,0,1,1,1,0,1,1,1,0,0,0,0
108,SI,1,0,1,1,1,0,0,0,1,0,0,0,2
109,SI,1,0,1,1,0,0,1,1,3,0,0,0,0
110,SI,1,1,1,1,1,0,1,0,1,0,2,0,2
111,SI,1,0,1,1,1,0,1,0,2,1,1,0,1
112,SI,1,0,1,1,1,1,1,0,1,2,0,0,0
113,SI,1,0,1,1,1,0,0,0,3,2,3,0,0
114,SI,1,0,1,0,1,0,1,0,1,0,0,0,0
115,SI,1,0,1,1,1,0,1,1,1,2,1,0,2
116,SI,1,0,1,1,1,0,1,0,2,1,1,0,0
117,SI,1,0,1,1,1,0,0,1,1,0,0,1,1
118,SI,1,0,1,1,0,0,1,1,2,1,1,0,0
119,SI,0,0,1,1,1,0,0,0,1,0,1,0,1
120,SI,1,0,1,1,1,0,0,0,1,0,1,0,0
121,SI,1,0,1,1,1,1,1,0,1,0,0,1,1
122,SI,1,1,1,1,0,0,1,0,3,0,1,0,0
123,SI,1,0,1,1,1,0,0,0,1,0,2,0,0
124,SI,1,0,1,1,0,0,1,0,2,1,0,0,0
125,SI,1,0,1,1,1,0,0,1,1,0,3,1,0
126,SI,1,0,1,0,1,0,1,0,1,0,0,0,0
127,SI,1,0,1,1,1,0,1,1,3,0,2,1,0
128,SI,0,0,1,1,1,0,0,1,1,0,2,0,2
129,SI,0,0,1,1,1,0,0,0,1,3,2,0,0
130,SI,1,0,1,1,1,0,1,0,2,0,1,0,2
131,SI,1,0,1,1,1,0,0,0,2,0,1,0,0
132,SI,0,0,1,1,1,0,0,0,1,0,1,0,0
133,SI,1,0,1,1,1,0,1,1,1,1,1,0,2
134,SI,1,0,0,1,0,0,1,0,4,0,2,0,0
135,SI,1,0,1,1,0,0,1,0,2,0,0,0,2
136,SI,1,0,1,1,0,0,1,0,2,0,1,0,0
137,SI,1,0,1,1,1,0,1,0,1,0,1,0,0
138,SI,1,0,1,1,1,0,1,1,1,0,2,0,1
139,SI,1,1,1,1,1,0,1,0,1,0,1,0,0
140,SI,0,1,1,1,1,0,0,1,1,0,1,0,1
141,SI,1,1,1,1,0,0,1,0,3,0,1,0,0
142,SI,1,0,1,1,0,0,1,1,3,0,2,0,0
143,SI,1,0,1,1,1,0,1,1,1,0,0,0,0
144,SI,1,0,0,1,0,0,1,0,4,0,1,0,0
145,SI,1,0,1,1,0,0,1,0,1,0,0,1,0
146,SI,1,0,1,1,0,0,1,0,3,0,1,0,0
147,SI,1,0,1,1,1,0,0,1,1,0,1,0,2
148,SI,1,1,1,1,0,0,1,1,2,0,0,0,0
149,SI,1,0,1,1,1,0,1,0,2,0,0,0,2
150,SI,1,0,1,1,1,0,1,0,1,0,1,1,1
151,SI,1,0,1,1,1,0,1,0,1,0,1,0,1
152,SI,1,0,1,1,1,1,0,0,1,0,0,0,2
153,SI,1,0,1,0,1,0,1,0,1,0,1,0,0
154,SI,1,0,1,1,1,0,0,0,1,0,1,0,0
155,SI,0,1,1,1,1,1,0,1,1,1,1,0,1
156,SI,1,0,1,1,0,0,1,0,2,0,0,0,2
157,SI,1,1,1,1,1,0,1,1,1,0,0,0,2
158,SI,1,0,0,1,0,1,1,0,1,0,0,1,0
159,SI,1,0,1,1,1,0,1,1,2,2,2,0,0
160,SI,1,0,1,0,0,0,1,0,2,0,3,0,0
161,SI,1,0,1,1,0,0,1,0,1,0,1,1,0
162,SI,1,0,0,1,0,0,1,1,3,0,1,3,0
163,SI,1,0,1,1,1,0,0,1,1,0,1,0,0
164,SI,1,0,1,1,1,1,0,0,1,0,0,2,0
165,SI,1,0,1,1,1,0,0,1,2,0,1,3,2
166,SI,0,0,1,1,1,0,0,0,1,2,1,0,0
167,SI,1,0,1,1,1,0,1,1,1,0,1,0,2
168,SI,1,0,1,1,1,0,1,0,1,0,2,0,2
169,SI,1,0,1,1,1,0,1,0,1,0,1,0,1
170,SI,1,0,1,1,1,0,1,0,2,0,1,0,0
171,SI,1,0,1,1,0,0,1,1,1,0,0,1,0
172,SI,1,0,1,1,1,0,1,1,1,0,1,0,2
173,SI,1,0,1,0,1,0,1,0,2,0,1,0,2
174,SI,1,0,1,1,1,0,1,1,2,0,0,0,0
175,SI,1,0,1,1,1,0,1,1,1,1,1,0,0
176,SI,1,0,1,1,1,0,1,0,2,0,0,0,0
177,SI,1,0,1,1,0,0,1,1,2,1,1,0,0
178,SI,1,0,1,1,1,0,1,0,1,0,1,0,1
179,SI,1,0,1,1,1,0,1,0,2,0,0,0,1
180,SI,1,0,1,1,1,0,1,0,1,0,0,0,1
181,SI,1,0,1,0,1,0,1,0,1,0,0,0,0
182,SI,1,0,1,1,1,0,1,1,1,0,0,0,0
183,SI,1,0,1,1,1,0,0,0,1,0,0,0,0
184,SI,1,0,1,1,1,0,1,0,1,0,2,0,0
185,SI,1,0,1,1,1,0,1,0,2,2,1,0,0
186,SI,1,0,1,1,0,0,1,1,3,1,0,0,0
187,SI,1,0,0,1,0,0,1,1,5,0,3,0,0
188,SI,1,0,1,1,0,0,1,0,3,0,2,0,0
189,SI,1,0,1,0,0,0,1,0,2,0,0,0,0
190,SI,1,0,1,1,0,0,1,0,3,0,1,0,0
191,SI,0,0,1,1,1,0,0,0,1,0,1,0,2
192,SI,1,0,1,1,1,0,1,0,2,0,1,0,0
193,SI,1,0,1,1,0,0,1,1,1,1,0,1,0
194,SI,1,0,1,1,1,0,1,0,1,1,0,0,1
195,SI,1,0,1,1,1,0,1,1,1,1,1,0,0
196,SI,1,0,1,1,0,1,1,0,1,0,0,1,0
197,SI,1,0,1,1,0,0,1,1,3,0,2,0,0
198,SI,1,1,1,1,0,0,1,0,4,3,0,0,0
199,SI,1,0,1,1,1,0,1,0,1,2,1,0,2
200,SI,1,0,1,1,1,0,1,1,2,0,2,0,0
201,SI,1,0,1,0,1,0,1,0,1,1,1,0,0
202,SI,1,0,1,1,1,1,1,0,1,0,1,0,2
203,SI,1,0,1,1,1,0,1,1,1,0,1,0,0
204,SI,1,0,1,1,1,0,1,0,1,1,1,0,0
205,SI,1,0,1,1,0,1,1,0,3,0,4,0,0
206,SI,1,0,1,1,1,0,1,0,1,0,2,0,2
207,SI,1,0,1,1,1,0,1,1,1,2,3,1,0
208,SI,1,0,1,1,1,0,1,0,1,1,1,0,1
209,SI,1,0,1,1,1,0,1,1,1,0,1,0,0
210,SI,1,0,1,1,1,0,1,1,2,1,1,1,2
211,SI,1,0,1,1,0,0,1,0,6,0,1,0,0
212,SI,1,0,1,0,1,0,1,0,1,0,1,0,0
213,SI,1,0,1,0,1,0,1,0,1,0,1,0,0
214,SI,1,0,0,1,0,0,1,1,4,0,3,3,0
215,SI,1,0,1,1,1,0,1,0,1,3,1,0,1
216,SI,1,0,1,1,1,0,1,1,2,0,1,0,2
217,SI,1,0,1,1,1,0,1,1,1,0,0,0,0
218,SI,1,0,1,1,1,0,1,0,1,2,2,3,2
219,SI,1,0,1,1,0,0,1,0,3,0,3,0,0
220,SI,1,0,1,1,0,0,1,1,2,3,0,0,2
221,SI,1,0,1,1,1,0,1,0,3,1,0,0,0
222,SI,1,0,1,1,0,0,1,1,3,2,2,0,0
223,SI,0,0,1,1,1,0,0,1,1,0,1,0,2
224,SI,1,1,1,1,1,0,1,0,1,0,1,0,2
225,SI,1,0,1,1,1,0,1,0,2,0,3,0,0
226,SI,1,0,1,1,1,0,1,0,2,1,1,1,1
227,SI,0,0,1,1,1,0,0,1,1,0,0,0,1
228,SI,1,0,1,1,1,0,1,1,1,1,0,0,0
229,SI,1,0,1,1,1,0,1,0,2,0,0,1,1
230,SI,0,0,1,1,1,0,0,1,1,0,0,0,0
231,SI,1,0,1,1,1,0,1,0,1,0,1,0,2
232,SI,1,0,1,1,1,0,0,0,1,0,0,1,2
233,SI,0,0,1,1,1,0,0,0,1,0,0,0,1
234,SI,1,0,1,1,1,0,1,0,1,1,0,0,2
235,SI,1,0,1,1,1,0,1,0,1,0,1,0,2
236,SI,1,0,1,1,1,0,1,1,1,0,3,1,0
237,SI,0,0,1,1,1,0,0,1,1,2,0,0,2
238,SI,1,0,1,1,1,0,1,1,2,0,1,0,1
239,SI,1,0,1,1,0,0,1,0,2,0,2,0,0
240,SI,1,0,1,1,1,0,1,1,1,2,1,0,0
241,SI,1,0,1,1,0,0,1,0,3,0,2,0,0
242,SI,1,0,1,0,1,0,1,0,2,0,1,0,0
243,SI,0,0,1,1,1,0,0,1,1,1,1,0,1
244,SI,1,0,1,1,1,0,1,0,2,2,1,1,0
245,SI,1,0,1,1,1,0,1,0,3,0,0,0,2
246,SI,0,0,1,1,1,1,0,0,1,0,2,0,0
247,SI,1,1,1,1,0,0,1,0,2,2,3,0,0
248,SI,1,0,1,0,1,0,1,0,3,2,1,0,0
249,SI,1,0,1,1,1,0,0,1,1,0,0,0,2
250,SI,1,0,1,1,1,0,1,1,1,0,0,0,2
251,SI,1,0,1,1,0,0,1,0,1,0,0,1,0
252,SI,1,0,1,1,1,0,0,1,1,0,0,0,2
253,SI,1,0,1,1,1,1,1,0,2,0,2,0,2
254,SI,1,0,1,1,0,0,1,0,3,1,2,0,0
255,SI,0,0,1,1,1,0,0,1,1,0,1,0,1
256,SI,1,0,1,1,1,0,1,0,1,0,2,1,2
257,SI,1,0,1,0,1,1,1,0,1,0,1,0,0
258,SI,1,0,1,0,1,0,1,0,2,0,0,0,0
259,SI,1,0,1,1,1,0,1,0,3,2,0,1,2
260,SI,1,0,1,1,1,0,1,1,2,3,1,0,2
261,SI,1,0,1,1,1,0,0,1,1,0,1,0,0
262,SI,1,0,1,1,1,0,1,1,2,0,0,0,0
263,SI,1,0,1,1,0,0,1,0,1,0,0,1,0
264,SI,1,0,1,1,0,0,1,0,4,0,2,0,0
265,SI,1,0,1,1,1,1,1,1,1,0,1,1,1
266,SI,1,0,1,1,0,0,1,1,4,0,3,0,0
267,SI,1,0,1,1,1,0,1,1,1,0,1,0,0
268,SI,1,0,1,1,0,0,1,1,4,2,1,0,0
269,SI,1,0,1,1,1,0,0,1,1,0,1,0,0
270,SI,1,0,1,1,1,0,0,1,1,0,0,1,1
271,SI,1,0,1,1,1,0,1,1,1,2,0,0,2
272,SI,1,0,1,1,1,0,1,1,2,3,2,1,2
273,SI,1,0,1,1,1,0,1,0,2,2,0,0,1
274,SI,0,0,1,1,1,0,0,1,1,0,1,0,1
275,SI,1,0,1,1,1,0,1,1,2,0,0,0,0
276,SI,1,0,1,1,1,0,1,1,2,1,0,1,0
277,SI,1,0,1,1,1,0,1,1,2,0,1,0,0
278,SI,1,0,1,1,1,0,1,0,1,0,0,0,2
279,SI,1,0,1,1,1,0,1,1,1,0,1,1,2
280,SI,1,1,1,1,0,0,1,1,4,0,2,0,0
281,SI,1,0,1,1,1,1,1,0,1,0,1,0,0
282,SI,1,0,1,0,0,0,1,0,3,0,0,0,0
283,SI,1,0,1,1,0,0,1,1,2,0,0,0,0
284,SI,1,0,1,1,1,0,1,0,1,0,1,0,0
285,SI,1,0,0,1,0,0,1,1,3,0,0,4,0
286,SI,1,0,1,1,1,0,1,1,1,0,1,1,1
287,SI,1,0,1,0,0,0,1,0,4,0,3,0,0
288,SI,1,0,0,1,0,0,0,1,3,2,2,0,0
289,SI,1,1,1,1,0,0,1,1,3,1,1,0,0
290,SI,1,0,1,1,0,0,1,0,4,0,1,0,0
291,SI,1,0,1,0,1,0,1,0,2,0,0,0,0
292,SI,1,0,1,0,1,1,1,0,2,1,1,0,0
293,SI,1,0,1,1,1,0,1,0,1,0,2,0,0
294,SI,1,0,1,1,1,0,1,0,2,2,2,0,2
295,SI,1,0,1,1,1,0,1,1,1,0,1,0,0
296,SI,1,0,1,1,1,1,1,0,1,0,1,0,0
297,SI,1,0,1,1,1,0,1,0,2,0,1,0,0
298,SI,1,0,1,1,1,0,1,0,1,0,0,0,2
299,SI,1,0,1,1,1,0,1,1,2,0,3,0,0
300,SI,1,0,1,1,0,0,1,0,3,0,1,0,0
301,SI,1,0,1,1,0,0,1,0,3,1,0,0,0
302,SI,0,0,1,1,1,0,0,1,2,0,0,0,0
303,SI,0,0,1,1,1,1,0,1,1,0,0,0,0
304,SI,1,0,1,1,1,1,1,1,1,0,1,0,2
305,SI,1,0,1,1,1,0,1,0,1,0,0,0,0
306,SI,1,0,1,1,1,1,1,1,2,0,1,0,2
307,SI,1,0,1,1,1,0,1,1,1,0,2,0,0
308,SI,1,0,0,1,0,0,1,0,2,0,2,0,0
309,SI,1,0,1,1,1,0,0,1,1,0,0,0,2
310,SI,1,0,0,1,0,1,1,0,5,0,3,3,0
311,SI,0,0,1,1,1,0,0,0,2,1,0,0,2
312,SI,1,0,1,1,0,0,1,0,1,1,0,1,0
313,SI,1,0,1,1,1,0,1,0,3,0,0,1,2
314,SI,1,0,1,1,1,0,1,0,2,0,0,0,2
315,SI,1,0,1,1,1,0,1,1,3,1,1,0,2
316,SI,1,0,1,1,1,0,0,0,1,0,1,0,0
317,SI,1,0,1,1,1,0,1,1,2,0,3,0,0
318,SI,1,1,1,1,1,0,0,1,1,0,0,0,2
319,SI,1,0,1,1,0,1,1,1,1,0,0,1,0
320,SI,1,0,1,1,0,0,1,0,1,1,1,0,0
321,SI,1,0,1,1,1,0,1,1,1,0,1,1,2
322,SI,1,0,1,1,0,0,1,0,2,1,0,0,2
323,SI,1,0,1,1,1,0,0,0,1,0,1,1,1
324,SI,1,0,1,1,1,0,1,0,1,0,1,0,0
325,SI,1,0,1,1,1,0,1,0,1,0,1,0,0
326,SI,1,0,1,1,0,0,0,0,3,0,2,0,0
327,SI,1,0,1,1,1,0,1,0,2,2,1,1,0
328,SI,1,1,1,1,1,0,1,0,1,0,2,0,2
329,SI,1,0,1,1,0,0,1,0,1,0,1,0,2
330,SI,1,0,1,1,1,0,1,1,3,0,0,0,0
331,SI,1,0,1,1,1,0,1,0,2,1,0,0,2
332,SI,1,0,1,1,1,0,1,1,1,0,0,0,0
333,SI,0,0,1,1,1,0,0,1,1,0,0,0,0
334,SI,1,0,1,1,1,0,1,1,1,0,1,1,1
335,SI,1,1,1,1,0,0,1,1,4,0,3,0,0
336,SI,1,0,1,1,1,1,1,0,2,0,0,0,0
337,SI,1,1,1,1,0,0,1,0,4,0,1,0,0
338,SI,1,0,0,1,0,0,1,1,3,0,1,0,0
339,SI,1,0,1,1,1,0,0,0,1,0,1,0,0
340,SI,1,0,1,1,0,0,1,0,3,2,2,0,0
341,SI,1,0,1,1,1,0,1,0,3,0,1,0,2
342,SI,1,1,1,1,1,0,0,0,1,0,2,0,2
343,SI,1,0,1,1,1,0,1,0,1,2,1,0,2
344,SI,1,1,1,1,1,0,1,0,1,0,1,0,2
345,SI,1,0,0,1,0,0,1,0,4,0,3,0,0
346,SI,1,0,1,1,1,0,0,0,1,2,1,0,1
347,SI,1,0,1,1,1,0,1,0,1,0,1,0,0
348,SI,1,0,1,1,1,0,1,0,1,0,0,0,2
349,SI,1,0,1,1,1,0,1,1,1,0,0,0,2
350,SI,1,0,1,1,0,0,1,0,3,0,2,0,0
351,SI,0,0,1,1,1,0,0,0,1,0,1,0,0
352,SI,1,0,1,1,1,0,1,0,3,0,1,1,0
353,SI,1,0,1,1,1,0,0,1,1,0,0,0,2
354,SI,1,0,1,1,1,0,1,0,2,2,3,0,1
355,SI,1,0,1,1,1,0,1,1,2,2,3,0,0
356,SI,0,0,1,1,1,0,0,0,1,0,1,0,2
357,SI,1,0,0,1,0,0,1,0,3,0,0,0,0
358,SI,1,0,1,1,1,0,0,1,1,0,1,0,0
359,SI,1,0,1,1,1,0,0,0,2,0,1,1,1
360,SI,1,0,1,1,1,0,1,0,1,0,0,0,0
361,SI,1,0,1,1,0,0,1,0,3,1,2,0,0
362,SI,1,0,1,1,1,0,1,1,1,0,0,0,0
363,SI,1,0,1,1,1,0,1,1,2,0,2,0,0
364,SI,1,0,1,1,1,0,0,0,1,0,1,0,0
365,SI,1,0,1,1,0,0,1,0,2,2,2,0,0
366,SI,1,0,1,1,1,0,0,0,1,0,0,0,0
367,SI,1,1,1,1,1,0,1,1,1,0,0,0,0
368,SI,1,0,1,1,1,0,1,0,1,0,0,0,0
369,SI,1,0,1,0,1,0,1,0,1,0,0,0,0
370,SI,1,0,1,1,1,1,1,1,1,0,1,0,1
371,SI,1,0,0,1,0,0,1,0,4,0,3,3,0
372,SI,1,0,1,1,1,0,1,1,2,1,1,0,0
373,SI,1,0,1,1,1,0,1,1,2,0,1,0,1
374,SI,1,0,1,0,1,0,1,0,3,0,2,0,0
375,SI,1,0,1,1,1,0,1,0,2,1,1,0,0
376,SI,1,0,0,1,0,1,1,1,5,0,3,3,0
377,SI,1,0,1,1,1,0,0,0,1,2,0,0,0
378,SI,0,0,1,1,1,0,0,0,1,1,1,0,0
379,SI,0,0,1,1,1,0,0,0,1,0,1,0,2
380,SI,1,0,1,1,1,0,1,0,1,3,0,0,0
381,SI,1,0,1,1,1,0,1,0,2,0,1,0,0
382,SI,1,0,0,1,0,0,1,1,1,0,0,0,0
383,SI,1,0,1,1,0,1,1,0,1,0,0,1,0
384,SI,1,0,1,1,1,0,0,0,1,0,1,0,0
385,SI,1,0,1,1,1,0,1,1,2,0,1,1,2
386,SI,1,0,1,1,1,0,1,0,1,0,0,0,0
387,SI,1,0,1,1,1,0,1,0,2,0,1,0,0
388,SI,1,0,1,1,1,0,1,0,1,2,1,0,2
389,SI,1,0,1,1,1,0,1,0,1,0,0,0,0
390,SI,1,0,1,1,1,0,1,1,1,0,1,0,2
391,SI,0,0,1,1,1,0,0,1,1,0,1,1,0
392,SI,1,0,1,1,1,0,1,0,1,0,1,4,0
393,SI,1,0,1,1,0,0,1,0,3,0,0,0,0
394,SI,1,0,1,1,0,0,1,0,1,0,2,0,0
395,SI,1,0,1,1,1,0,1,0,1,1,1,0,0
396,SI,1,0,1,1,1,0,1,1,2,0,0,3,2
397,SI,1,0,1,1,1,1,1,0,1,0,1,0,2
398,SI,1,0,1,1,1,0,1,1,1,0,0,1,2
399,SI,1,0,1,1,1,0,1,1,1,0,2,0,0
400,SI,1,0,1,1,0,0,1,1,3,0,0,0,0
401,SI,1,0,1,1,0,0,1,0,3,2,2,0,0
402,SI,1,0,1,1,1,0,1,1,1,2,2,1,0
403,SI,1,0,1,0,1,0,1,0,2,0,1,0,0
404,SI,1,0,1,1,1,0,1,0,2,0,1,0,2
405,SI,1,0,1,1,1,0,1,0,3,0,1,0,0
406,SI,1,0,1,1,1,0,1,0,2,0,1,0,0
407,SI,0,0,1,1,1,1,0,0,1,0,2,0,0
408,SI,1,0,1,1,1,0,1,1,1,0,1,0,0
409,SI,1,0,1,1,1,0,1,1,2,0,3,0,1
410,SI,1,0,1,1,1,0,0,1,1,2,0,0,2
411,SI,0,0,1,1,1,0,0,0,1,0,0,0,0
412,SI,1,0,1,1,1,0,1,0,2,2,3,0,0
413,SI,1,0,1,1,0,0,1,1,2,1,1,0,2
414,SI,1,0,1,1,0,0,1,0,2,0,0,0,2
415,SI,1,0,1,1,1,0,1,0,1,1,1,1,0
416,SI,1,0,1,1,1,0,1,0,2,0,1,1,0
417,SI,1,0,1,1,1,1,1,0,1,2,0,0,0
418,SI,1,0,1,1,1,0,1,1,3,0,0,0,0
419,SI,1,0,1,1,0,1,1,1,4,0,2,0,0
420,SI,1,0,0,1,0,0,1,0,2,0,1,0,0
421,SI,1,0,1,1,1,0,1,1,1,0,1,0,1
422,SI,1,0,1,1,1,0,1,0,2,1,0,1,0
423,SI,1,0,1,1,1,0,0,0,2,0,1,0,0
424,SI,1,0,1,1,1,0,0,0,1,0,1,0,0
425,SI,0,0,1,1,1,1,1,1,1,0,1,0,2
426,SI,1,0,1,1,1,0,0,0,1,0,0,0,0
427,SI,1,0,0,1,0,0,1,0,3,0,2,0,0
428,SI,0,0,1,1,1,0,0,0,1,0,1,0,0
429,SI,1,0,1,1,1,0,1,0,2,1,3,0,0
430,SI,1,0,1,1,1,0,0,0,1,0,0,0,1
431,SI,1,1,1,1,0,0,1,0,2,0,3,0,0
432,SI,1,0,1,1,1,0,1,0,1,0,1,0,0
433,SI,1,0,1,1,0,0,1,0,4,0,3,0,0
434,SI,0,0,1,1,1,0,0,0,1,0,1,0,0
435,SI,1,0,0,1,0,0,1,1,3,0,2,0,0
436,SI,1,0,1,1,1,0,1,1,1,1,1,0,0
437,SI,1,0,1,1,1,0,1,1,1,0,1,0,0
438,SI,1,0,1,0,1,0,1,0,1,0,0,0,0
439,SI,1,0,1,0,1,0,1,0,2,1,3,0,0
440,SI,1,0,1,1,1,0,1,1,1,0,1,1,2
441,SI,1,0,1,1,1,0,1,1,1,0,1,1,0
442,SI,1,0,1,0,1,0,1,0,1,0,0,0,0
443,SI,1,0,1,1,1,0,1,1,2,0,3,0,0
444,SI,1,0,1,1,1,0,1,1,3,0,3,0,0
445,SI,1,0,1,1,1,0,1,0,1,0,1,0,0
446,SI,0,0,1,1,1,0,0,1,2,0,0,0,1
447,SI,0,0,1,1,1,0,0,0,1,1,0,0,0
448,SI,1,0,1,1,1,0,1,0,1,0,0,0,0
449,SI,1,0,1,1,1,0,0,0,2,1,0,0,2
450,SI,1,0,1,1,1,0,1,1,3,2,0,0,0
451,SI,1,0,1,1,1,0,1,1,2,2,2,1,0
452,SI,1,0,1,1,1,0,1,0,1,0,1,1,0
453,SI,1,0,0,1,0,0,1,0,3,3,1,0,0
454,SI,1,0,1,0,1,0,1,0,3,0,3,0,0
455,SI,0,0,1,1,1,0,0,1,1,0,1,0,2
456,SI,0,0,1,1,1,0,0,1,1,0,0,0,0
457,SI,0,0,1,1,1,0,0,1,1,2,1,0,0
458,SI,1,0,1,1,1,1,1,1,2,0,1,0,0
459,SI,1,0,1,1,0,0,1,1,2,0,1,0,0
460,SI,1,0,1,1,1,0,1,1,1,1,1,0,0
461,SI,1,0,1,1,1,0,1,1,1,0,2,0,2
462,SI,1,0,1,1,1,0,1,1,1,0,1,3,2
463,SI,1,0,1,1,1,0,0,1,1,0,1,0,2
464,SI,1,0,1,1,1,0,1,1,3,3,3,1,0
465,SI,1,0,1,1,1,0,1,1,1,0,2,1,2
466,SI,1,0,1,1,1,0,1,1,2,0,1,0,0
467,SI,1,0,1,1,1,0,1,1,2,0,2,0,0
468,SI,1,0,1,0,0,0,1,0,3,1,1,0,0
469,SI,1,0,1,1,1,1,0,0,1,0,0,1,2
470,SI,1,0,1,1,1,0,1,0,1,1,2,0,2
471,SI,1,0,1,0,1,0,0,0,2,1,0,0,0
472,SI,1,0,1,0,0,0,1,0,3,0,0,0,0
473,SI,1,0,1,1,0,0,1,1,3,0,3,0,0
474,SI,1,0,1,1,0,0,1,0,3,0,2,0,0
475,SI,1,0,1,1,1,1,1,0,1,0,1,1,2
476,SI,0,0,1,1,1,0,0,1,1,1,1,0,0
477,SI,0,0,1,1,1,0,0,0,1,0,1,0,1
478,SI,1,0,1,1,1,0,1,0,2,0,1,0,0
479,SI,1,0,1,1,1,0,0,0,1,0,1,0,2
480,SI,1,1,1,1,1,1,1,0,2,0,2,0,0
481,SI,1,0,1,1,1,0,1,0,2,0,0,0,2
482,SI,1,0,1,1,1,0,1,0,1,0,1,0,1
483,SI,1,0,1,1,1,0,0,1,3,0,0,0,1
484,SI,1,0,1,1,0,0,1,0,1,0,1,0,0
485,SI,1,0,1,0,1,0,1,0,2,1,3,0,0
486,SI,1,0,1,1,1,0,1,0,1,0,1,0,0
487,SI,1,0,1,1,1,0,1,1,4,2,2,3,2
488,SI,1,0,1,0,1,0,1,0,2,0,1,0,0
489,SI,0,0,1,1,1,0,0,1,1,1,3,0,0
490,SI,1,0,1,1,1,0,1,1,2,0,0,1,0
491,SI,1,0,1,1,0,0,1,1,2,0,0,1,0
492,SI,1,0,1,0,1,1,1,0,1,1,1,0,0
493,SI,0,0,1,1,1,0,0,0,1,0,0,0,0
494,SI,1,0,1,1,1,0,1,1,1,0,0,0,2
495,SI,1,0,1,1,1,1,1,0,2,0,1,0,0
496,SI,1,0,1,1,0,1,1,1,3,1,0,0,0
497,SI,1,0,1,1,0,0,1,1,2,0,1,0,0
498,SI,1,0,1,1,1,0,1,1,2,1,1,1,0
499,SI,1,0,1,1,1,0,0,1,1,0,3,0,1
500,SI,1,0,1,0,1,1,0,0,2,0,1,0,0
501,SI,1,0,1,1,1,0,1,0,1,0,0,0,0
502,SI,1,0,1,1,1,0,1,1,1,0,1,0,2
503,SI,1,0,1,1,1,0,1,0,2,1,1,0,0
504,SI,1,0,1,1,0,0,1,0,3,0,2,0,0
505,SI,1,0,1,1,1,0,1,0,1,3,1,0,2
506,SI,1,0,1,1,1,0,1,0,1,0,1,1,0
507,SI,1,1,1,1,0,0,1,0,1,0,1,0,0
508,SI,1,0,1,1,0,0,1,0,3,1,3,0,0
509,SI,1,0,1,0,1,0,1,0,2,1,1,0,0
510,SI,1,0,1,1,1,1,0,0,1,2,1,0,2
511,SI,1,0,1,1,1,0,1,1,1,0,1,1,2
512,SI,1,0,1,0,0,0,1,0,4,1,3,0,0
513,SI,1,1,1,1,0,0,1,0,3,0,0,0,0
514,SI,0,0,1,1,1,0,0,0,1,0,0,0,2
515,SI,1,0,1,1,1,0,1,0,1,0,2,0,0
516,SI,1,0,1,1,1,0,0,1,2,0,1,1,2
517,SI,1,0,1,1,1,0,1,1,1,0,1,0,0
518,SI,1,0,1,1,1,0,0,0,1,2,2,0,1
519,SI,1,0,1,1,1,0,1,1,1,0,0,0,2
520,SI,1,0,1,1,1,0,0,1,1,0,1,0,0
521,SI,1,0,1,1,1,0,1,0,2,0,2,1,0
522,SI,1,0,1,1,1,0,1,1,1,0,2,0,2
523,SI,1,0,1,1,1,0,1,0,2,0,2,0,0
524,SI,1,0,1,1,1,0,0,0,1,0,1,0,0
525,SI,1,0,1,1,1,1,1,0,2,0,0,0,0
526,SI,1,0,1,1,0,0,1,0,2,0,0,1,0
527,SI,1,0,0,1,0,1,1,1,3,0,1,0,0
528,SI,1,0,1,1,1,0,1,1,2,0,1,0,0
529,SI,1,0,1,1,1,0,1,1,3,1,1,1,0
530,SI,1,1,1,1,0,0,1,0,3,0,2,0,0
531,SI,1,0,1,1,1,0,1,0,1,0,2,0,0
532,SI,1,0,1,1,1,0,1,0,3,0,0,1,2
533,SI,1,0,1,1,1,0,1,1,1,0,1,0,0
534,SI,1,0,1,1,1,1,1,1,1,1,0,0,0
535,SI,0,0,1,1,1,0,0,1,1,0,1,0,0
536,SI,1,0,1,1,1,0,1,0,1,2,0,0,2
537,SI,1,0,1,1,0,0,1,1,3,0,3,0,0
538,SI,1,0,1,1,1,0,1,0,2,3,1,0,1
539,SI,1,1,1,1,1,0,1,0,1,3,1,0,2
540,SI,1,0,1,1,0,0,1,1,3,0,2,0,0
541,SI,0,0,1,1,1,0,0,0,1,2,0,0,0
542,SI,1,0,1,1,1,0,1,0,2,3,1,0,0
543,SI,1,0,1,1,1,0,1,1,1,1,2,1,2
544,SI,1,0,1,1,1,0,1,1,1,0,2,0,0
545,SI,1,0,1,1,1,0,1,0,1,0,0,0,2
546,SI,1,0,1,0,0,1,1,0,3,0,3,0,0
547,SI,1,0,1,1,0,0,1,0,2,2,1,0,0
548,SI,1,0,1,1,1,0,1,0,2,0,1,0,2
549,SI,1,0,1,1,1,0,1,1,1,0,0,0,2
550,SI,1,0,1,1,1,0,0,0,1,0,3,0,0
551,SI,1,0,1,1,1,0,1,1,1,0,0,0,0
552,SI,1,0,1,1,1,0,1,1,1,0,0,1,0
553,SI,1,0,1,1,1,1,1,0,1,2,1,0,1
554,SI,1,0,1,1,1,0,1,0,1,0,2,0,0
555,SI,1,0,1,1,0,1,1,0,1,0,0,0,0
556,SI,1,0,0,1,0,0,1,0,3,1,2,3,0
557,SI,1,0,1,0,1,0,1,0,2,0,1,0,2
558,SI,1,0,1,1,1,0,1,1,1,0,0,1,0
559,SI,1,0,1,1,1,0,1,1,2,0,0,1,0
560,SI,1,0,1,1,1,0,1,1,1,0,0,0,0
561,SI,1,0,1,0,1,0,1,0,2,0,0,0,0
562,SI,1,0,1,1,1,0,1,1,1,0,1,0,0
563,SI,0,0,1,1,1,0,0,0,1,0,1,0,1
564,SI,1,0,1,0,0,0,1,0,3,1,3,0,0
565,SI,1,0,1,1,1,0,0,1,1,0,1,1,0
566,SI,1,0,1,0,1,1,1,0,3,0,2,0,0
567,SI,1,0,1,1,1,0,1,1,3,1,1,0,2
568,SI,1,0,1,1,0,0,1,0,2,0,1,0,0
569,SI,1,0,1,1,1,0,1,0,1,0,0,0,0
570,SI,1,0,0,1,0,0,1,1,3,0,1,3,0
571,SI,1,0,1,1,1,0,1,0,2,0,2,0,0
572,SI,1,0,1,1,1,0,1,1,2,0,1,0,1
573,SI,1,0,1,0,0,0,1,0,1,0,0,0,0
574,SI,1,0,0,1,0,0,1,0,3,0,0,0,0
575,SI,0,0,1,1,1,0,0,0,2,0,0,0,0
576,SI,1,0,1,1,1,0,1,1,2,0,2,0,0
577,SI,1,0,1,1,1,1,1,1,2,1,3,0,2
578,SI,1,0,1,1,1,0,1,0,1,0,0,0,0
579,SI,1,0,1,0,1,0,1,0,1,0,1,0,0
580,SI,1,0,1,1,1,0,1,0,2,1,1,0,0
581,SI,0,0,1,1,1,0,0,0,1,0,2,0,0
582,SI,1,1,1,1,1,0,1,1,1,0,0,0,2
583,SI,1,0,1,1,1,0,1,1,3,0,1,0,2
584,SI,1,0,1,1,1,0,1,0,2,0,1,1,2
585,SI,1,0,1,1,1,0,1,1,2,0,0,0,0
586,SI,1,0,1,1,1,0,1,0,1,0,1,0,0
587,SI,1,0,1,0,1,0,1,0,2,3,1,0,2
588,SI,1,0,1,0,1,0,1,0,1,0,1,0,0
589,SI,1,0,0,1,0,0,1,1,2,0,2,0,0
590,SI,1,0,1,1,0,0,1,1,3,1,2,0,2
591,SI,0,0,1,1,1,0,1,1,1,0,0,0,1
592,SI,1,0,1,1,1,0,0,1,1,0,0,0,0
593,SI,1,0,1,1,1,0,1,0,2,0,0,0,0
594,SI,1,0,1,1,1,0,1,0,1,0,0,1,1
595,SI,1,0,1,1,1,0,0,1,1,0,0,0,1
596,SI,1,0,1,1,1,0,1,1,1,1,0,0,1
597,SI,1,0,1,1,1,0,0,0,1,0,1,0,0
598,SI,1,0,1,1,1,0,1,1,2,0,1,0,0
599,SI,1,0,1,1,1,0,1,1,1,0,0,0,0
600,SI,1,0,1,1,1,0,1,1,1,0,2,0,2
601,SI,1,1,1,1,1,0,1,0,1,0,0,0,0
602,SI,1,0,0,1,0,0,1,1,5,0,3,3,0
603,SI,1,0,1,1,1,1,0,1,2,1,1,0,2
604,SI,1,1,1,1,1,0,1,1,3,0,2,0,0
605,NO,1,0,1,1,1,0,1,0,1,0,1,0,0
606,NO,1,1,1,1,1,0,1,0,1,0,0,0,0
607,NO,1,0,1,1,1,0,1,1,1,0,1,1,1
608,NO,1,0,1,1,1,0,1,0,1,0,0,0,2
609,NO,1,0,1,1,1,0,1,1,1,0,0,0,0
610,NO,0,0,1,1,1,0,0,0,1,0,0,0,2
611,NO,1,0,1,1,1,0,1,1,2,0,0,1,1
612,NO,1,0,1,1,1,0,0,1,1,0,1,4,1
613,NO,1,0,1,1,0,0,1,0,1,0,1,4,0
614,NO,1,0,1,1,1,1,0,0,1,1,0,0,1
615,NO,0,1,1,1,1,0,0,0,1,0,0,0,1
616,NO,1,0,1,1,1,0,1,0,1,0,0,4,0
617,NO,1,0,1,0,1,0,1,0,2,0,1,0,0
618,NO,1,0,1,1,1,0,0,1,1,0,0,1,0
619,NO,1,0,1,1,1,0,1,1,1,0,0,0,2
620,NO,1,0,1,1,1,0,1,1,2,0,1,0,2
621,NO,0,0,1,1,1,0,0,1,1,0,1,0,0
622,NO,1,0,1,1,0,1,1,1,1,0,1,0,0
623,NO,1,0,1,1,1,1,0,1,1,0,0,0,0
624,NO,0,0,1,1,1,0,0,0,1,0,1,0,1
625,NO,1,0,1,1,1,0,0,1,1,0,0,2,0
626,NO,1,0,1,1,1,0,1,0,1,0,0,2,2
627,NO,1,0,1,1,1,0,1,0,2,0,0,0,2
628,NO,1,0,1,1,1,0,1,1,1,0,0,1,0
629,NO,1,0,1,1,1,0,1,0,1,0,0,0,2
630,NO,1,0,1,1,1,0,1,1,1,0,1,0,0
631,NO,1,0,1,1,1,0,1,0,1,0,0,0,2
632,NO,1,0,1,1,1,0,1,1,2,2,1,0,0
633,NO,0,0,1,1,1,0,0,1,1,0,0,0,1
634,NO,1,0,1,1,1,0,1,0,1,0,0,0,2
635,NO,0,0,1,1,1,0,0,0,1,0,0,0,0
636,NO,1,0,1,1,1,0,1,1,2,0,0,0,1
637,NO,1,0,1,1,1,0,0,0,1,0,0,0,1
638,NO,0,0,1,1,1,0,0,0,2,0,1,0,0
639,NO,1,0,1,1,0,1,1,1,4,0,1,0,0
640,NO,1,0,1,1,1,0,1,1,1,0,1,0,0
641,NO,1,0,1,1,1,0,1,1,3,0,0,0,1
642,NO,1,0,1,1,1,0,1,1,1,0,0,0,0
643,NO,1,0,1,1,1,0,1,0,1,0,0,0,0
644,NO,1,0,1,1,1,0,0,1,1,0,1,0,0
645,NO,0,0,1,1,1,0,0,1,2,0,1,0,1
646,NO,0,0,1,1,1,0,0,0,1,0,0,0,1
647,NO,1,0,1,1,1,0,1,1,1,0,1,0,2
648,NO,1,0,1,1,1,1,1,0,1,0,0,0,2
649,NO,1,0,1,1,1,0,1,1,1,0,0,0,2
650,NO,1,0,1,1,1,1,1,1,1,0,2,0,0
651,NO,1,0,1,1,1,0,1,1,1,0,0,0,0
652,NO,1,0,1,1,1,0,1,1,1,0,1,0,2
653,NO,1,0,1,1,1,0,1,1,1,0,0,4,2
654,NO,1,0,1,1,1,0,1,0,1,0,0,0,2
655,NO,1,0,1,1,1,0,0,0,1,0,0,0,2
656,NO,1,0,1,1,1,0,1,0,2,0,0,1,0
657,NO,1,0,1,1,1,0,1,0,3,3,1,1,0
658,NO,1,0,1,1,1,0,0,0,2,0,0,0,2
659,NO,0,0,1,1,1,0,0,0,1,0,0,0,0
660,NO,0,0,1,1,1,0,0,0,1,0,0,2,0
661,NO,0,0,1,1,1,0,0,0,1,0,0,0,0
662,NO,0,0,1,1,1,0,0,1,1,0,0,0,2
663,NO,1,0,0,1,0,0,1,0,3,0,0,4,0
664,NO,1,0,1,1,1,0,1,1,2,0,0,0,0
665,NO,0,0,1,1,1,1,0,1,1,0,0,0,0
666,NO,0,0,1,1,1,0,0,1,1,0,1,0,0
667,NO,1,0,1,1,1,0,0,0,1,0,1,1,2
668,NO,1,0,1,1,1,0,0,0,1,0,1,0,2
669,NO,1,0,1,1,1,0,0,1,1,0,0,0,2
670,NO,1,0,1,1,1,0,1,1,3,0,1,2,0
671,NO,1,0,1,1,1,0,0,0,1,1,0,2,0
672,NO,1,0,1,1,1,0,1,0,1,0,0,0,2
673,NO,1,0,1,1,1,0,1,0,2,0,0,0,0
674,NO,1,0,1,1,1,0,0,0,1,0,0,0,2
675,NO,1,0,1,1,1,0,1,1,1,2,0,0,2
676,NO,1,0,1,1,1,0,1,0,2,1,0,0,2
677,NO,0,0,1,1,1,0,0,1,1,0,0,0,1
678,NO,1,0,1,1,1,0,1,0,1,0,2,0,0
679,NO,0,0,1,1,1,0,0,1,1,0,0,0,2
680,NO,0,0,1,1,1,1,0,0,1,2,0,0,1
681,NO,0,0,1,1,1,0,0,0,1,0,0,0,2
682,NO,1,0,1,1,1,0,0,0,1,0,1,0,2
683,NO,1,0,1,1,1,0,1,1,1,0,0,2,0
684,NO,1,0,1,1,1,0,1,0,1,1,1,0,1
685,NO,1,0,1,1,1,0,1,0,1,0,0,0,2
686,NO,1,0,1,1,1,1,0,0,1,1,0,0,2
687,NO,0,0,1,1,1,0,0,0,2,0,0,0,0
688,NO,0,0,1,1,1,0,0,0,1,0,0,0,0
689,NO,1,0,1,1,1,0,1,0,2,1,2,0,2
690,NO,1,0,1,1,1,0,1,0,2,0,0,0,0
691,NO,1,0,1,1,1,0,1,1,1,0,0,0,0
692,NO,0,0,1,1,1,0,0,1,1,0,0,0,1
693,NO,1,0,1,1,1,0,1,1,3,0,2,0,0
694,NO,1,0,1,1,1,0,0,1,1,1,1,0,2
695,NO,0,0,1,1,1,0,0,0,2,0,1,0,1
696,NO,1,0,1,1,1,1,1,0,1,0,1,0,2
697,NO,1,0,1,1,1,0,1,1,3,0,2,0,0
698,NO,1,0,1,1,1,0,0,1,1,0,0,0,2
699,NO,0,0,1,1,1,0,0,1,1,0,0,0,1
700,NO,1,0,1,1,1,0,0,0,1,0,0,0,0
701,NO,0,0,1,1,1,0,0,0,1,0,0,0,0
702,NO,0,0,1,1,1,0,0,1,1,0,0,0,0
703,NO,0,0,1,1,1,0,0,1,1,0,0,0,0
704,NO,1,0,1,1,1,1,0,1,1,0,1,4,2
705,NO,0,0,1,1,1,0,0,0,1,0,1,0,0
706,NO,1,0,1,1,1,1,1,0,2,1,2,0,0
707,NO,1,0,1,1,1,1,1,0,2,0,1,2,0
708,NO,1,0,1,1,1,0,1,1,2,0,1,3,2
709,NO,1,0,1,1,1,0,1,0,1,0,0,0,0
710,NO,1,0,1,1,1,0,1,0,1,0,0,0,2
711,NO,1,1,1,1,1,0,1,1,1,0,0,0,0
712,NO,1,0,1,1,1,0,0,1,1,0,0,0,2
713,NO,1,0,1,1,1,1,1,1,1,0,1,0,0
714,NO,1,0,1,1,1,0,1,1,1,0,1,0,0
715,NO,1,0,1,1,1,0,1,1,1,0,1,0,2
716,NO,1,0,1,1,1,0,0,0,1,0,1,0,0
717,NO,0,0,1,1,1,0,0,1,1,0,1,0,2
718,NO,0,0,1,1,1,0,0,0,1,0,0,0,2
719,NO,1,0,1,1,1,0,1,0,1,0,1,0,2
720,NO,0,0,1,1,1,1,0,0,1,0,2,0,0
721,NO,1,0,1,1,1,1,1,1,1,0,0,2,0
722,NO,1,0,1,1,1,1,0,0,1,0,0,0,0
723,NO,1,0,1,1,1,0,1,0,3,0,1,3,2
724,NO,1,0,1,1,1,0,1,0,1,0,1,0,1
725,NO,1,0,1,1,1,0,1,1,1,0,0,2,1
726,NO,0,0,1,1,1,0,0,0,1,0,1,1,0
727,NO,1,0,1,1,1,0,1,0,1,0,1,1,2
728,NO,1,1,1,1,1,0,1,0,1,0,0,0,0
729,NO,1,0,1,1,1,0,1,0,1,0,0,0,0
730,NO,1,0,1,1,1,0,1,0,1,0,0,0,1
731,NO,1,0,1,1,1,1,1,0,1,0,1,0,0
732,NO,1,0,1,1,1,0,0,1,1,0,0,0,0
733,NO,0,0,1,1,1,1,0,1,1,0,1,0,0
734,NO,1,0,1,1,1,0,1,1,1,0,1,1,2
735,NO,0,0,1,1,1,1,0,1,1,0,0,0,2
736,NO,1,0,1,1,1,0,0,0,1,0,1,0,0
737,NO,0,0,1,1,1,0,0,0,2,0,1,0,0
738,NO,0,0,1,1,1,0,0,0,1,0,1,0,1
739,NO,1,0,1,1,1,0,1,0,1,0,0,4,2
740,NO,1,0,1,1,1,0,1,0,1,0,0,0,0
741,NO,1,0,1,1,1,0,1,0,1,0,0,0,2
742,NO,1,0,1,1,1,0,1,0,1,0,0,0,0
743,NO,1,0,1,1,1,0,1,1,1,2,0,0,2
744,NO,1,0,1,1,1,0,0,1,1,0,0,0,0
745,NO,1,0,1,1,1,0,1,1,1,0,0,2,2
746,NO,1,0,1,1,1,0,1,0,2,0,0,1,0
747,NO,0,0,1,1,1,0,0,0,1,0,1,0,0
748,NO,1,0,1,1,1,0,1,0,1,0,0,0,2
749,NO,1,0,1,1,1,0,1,0,1,0,0,0,0
750,NO,0,0,1,1,1,0,0,1,1,0,0,0,1
751,NO,1,0,1,1,1,0,1,0,2,0,1,0,0
752,NO,1,0,1,1,1,0,1,0,1,0,0,0,0
753,NO,1,0,1,1,1,0,1,1,1,0,0,3,2
754,NO,1,0,1,1,1,0,0,1,1,0,0,0,0
755,NO,1,0,1,1,1,0,1,1,1,0,1,2,2
756,NO,1,0,1,1,1,0,1,1,1,0,1,1,2
757,NO,1,0,1,1,1,0,0,0,1,0,0,0,0
758,NO,1,0,1,0,1,0,1,0,1,0,1,0,0
759,NO,1,0,0,1,0,0,1,1,3,0,1,4,0
760,NO,1,0,0,1,0,0,1,1,2,0,0,1,0
761,NO,1,1,1,1,1,0,1,0,1,0,0,0,2
762,NO,0,0,1,1,1,0,0,0,1,1,0,0,1
763,NO,0,0,1,1,1,0,0,0,1,0,0,0,2
764,NO,1,0,1,1,1,0,1,1,1,0,1,0,0
765,NO,1,0,1,1,1,0,1,1,3,1,0,0,2
766,NO,1,0,1,1,1,0,0,0,1,0,0,4,2
767,NO,1,0,1,1,1,0,1,0,1,0,0,0,2
768,NO,1,0,1,1,1,0,0,0,1,0,1,0,1
769,NO,1,0,1,1,1,1,0,0,1,0,0,1,2
770,NO,1,0,1,1,1,0,1,0,1,0,0,0,2
771,NO,1,0,1,1,1,0,1,0,1,0,0,0,0
772,NO,0,0,1,1,1,0,0,1,1,0,0,0,2
773,NO,1,0,1,1,1,0,0,0,1,0,0,0,0
774,NO,1,0,1,1,0,1,1,1,3,0,2,0,0
775,NO,1,0,1,1,0,0,0,0,1,0,0,4,2
776,NO,0,0,1,1,1,0,1,1,1,0,0,0,2
777,NO,0,0,1,1,1,0,0,1,1,0,0,0,1
778,NO,1,0,1,1,1,0,1,0,1,0,0,2,1
779,NO,0,0,1,1,1,0,0,0,1,0,2,0,1
780,NO,1,0,1,1,1,0,0,1,1,0,0,2,0
781,NO,1,1,1,1,1,1,1,0,1,1,0,0,2
782,NO,1,0,1,1,1,0,1,0,3,0,1,0,0
783,NO,1,0,1,1,1,0,0,1,1,0,1,0,0
784,NO,1,0,1,1,0,0,0,1,1,0,0,4,2
785,NO,1,0,1,1,0,0,1,0,3,0,1,0,0
786,NO,1,0,1,1,1,0,1,1,2,0,2,0,0
787,NO,1,0,1,1,1,0,0,1,1,0,0,0,0
788,NO,0,0,1,1,1,0,0,0,1,0,0,0,2
789,NO,1,0,1,1,1,0,1,0,1,0,0,2,1
790,NO,1,0,1,0,1,0,1,0,2,0,1,0,0
791,NO,1,0,1,1,1,0,1,0,1,0,1,0,0
792,NO,1,0,1,1,1,0,1,0,1,0,0,4,2
793,NO,1,0,1,1,1,0,0,0,1,0,0,0,2
794,NO,1,0,1,1,1,0,0,0,1,0,0,4,0
795,NO,1,0,1,1,1,0,1,0,1,0,1,2,2
796,NO,1,0,1,1,1,0,1,1,1,0,0,2,0
797,NO,1,0,1,1,1,1,0,0,1,0,0,0,2
798,NO,1,0,1,1,1,1,1,0,1,0,0,2,2
799,NO,1,0,1,1,1,0,1,1,1,0,1,0,0
800,NO,1,0,1,1,1,0,1,0,2,0,2,0,0
801,NO,1,0,1,1,1,0,1,0,1,0,1,0,2
802,NO,1,0,1,1,1,0,1,1,1,0,1,0,0
803,NO,1,0,1,1,1,0,1,0,3,0,1,0,0
804,NO,1,0,1,1,0,0,1,1,3,0,0,1,0
805,NO,0,0,1,1,1,0,0,1,1,0,0,0,1
806,NO,1,0,1,1,0,0,0,0,1,0,0,1,0
807,NO,0,0,1,1,1,0,0,0,1,0,1,0,0
808,NO,1,0,1,1,1,0,0,0,1,0,0,0,2
809,NO,0,0,1,1,1,0,1,1,1,0,2,0,0
810,NO,1,0,1,1,1,0,1,0,1,0,1,0,2
811,NO,1,0,1,1,1,0,0,0,2,0,0,0,2
812,NO,1,0,1,1,0,1,1,0,2,1,2,0,0
813,NO,1,0,1,1,1,0,1,1,1,0,0,4,2
814,NO,1,0,1,1,1,0,0,0,1,0,0,1,2
815,NO,0,0,1,1,1,0,0,1,1,0,1,0,2
816,NO,0,0,1,1,1,1,0,0,1,0,0,0,2
817,NO,1,0,1,0,1,0,1,0,1,0,1,0,0
818,NO,1,0,1,1,0,0,1,1,1,0,0,4,2
819,NO,0,0,1,1,1,0,0,1,1,0,0,0,0
820,NO,1,0,1,1,1,0,1,1,1,0,2,0,0
821,NO,1,0,1,1,1,0,1,1,1,0,0,4,2
822,NO,1,0,1,1,1,0,1,0,1,0,0,1,2
823,NO,1,0,1,1,1,0,1,0,2,0,0,0,0
824,NO,1,1,1,1,1,0,1,1,1,0,0,0,2
825,NO,0,0,1,1,1,1,0,0,1,0,2,0,0
826,NO,1,0,1,1,1,0,1,0,1,0,0,1,0
827,NO,1,0,1,0,1,0,1,0,3,0,1,0,0
828,NO,0,0,1,1,1,1,0,1,1,0,0,0,1
829,NO,0,0,1,1,1,0,0,0,1,0,1,0,0
830,NO,0,0,1,1,1,0,0,1,1,0,0,0,0
831,NO,0,0,1,1,1,0,0,0,1,0,2,0,2
832,NO,1,0,1,1,1,0,1,0,1,0,0,1,2
833,NO,1,0,1,1,1,1,0,0,1,0,0,2,2
834,NO,1,0,1,1,0,0,1,1,4,1,1,0,0
835,NO,1,0,1,1,1,1,1,1,2,0,0,0,0
836,NO,1,0,1,1,1,0,0,0,1,0,1,1,2
837,NO,1,0,1,1,1,0,1,1,1,0,1,0,0
838,NO,1,0,1,1,1,1,1,1,1,0,1,0,2
839,NO,0,0,1,1,1,0,0,1,1,0,0,0,0
840,NO,1,0,1,1,1,0,1,1,3,0,1,0,0
841,NO,1,0,1,1,1,0,1,0,1,0,0,1,2
842,NO,1,0,1,1,1,0,1,1,1,0,0,0,0
843,NO,1,0,1,1,1,0,1,0,1,0,0,1,2
844,NO,1,0,1,1,0,0,1,0,2,1,2,0,0
845,NO,1,0,1,1,1,0,1,1,1,0,0,0,1
846,NO,0,0,1,1,1,0,0,0,1,0,0,0,0
847,NO,1,0,1,1,0,0,1,1,2,0,0,1,0
848,NO,1,0,1,1,1,0,0,1,1,1,1,0,2
849,NO,0,0,1,1,1,0,0,0,1,0,0,0,1
850,NO,0,0,1,1,1,0,0,0,1,0,0,0,0
851,NO,1,0,1,1,1,0,0,0,1,0,0,1,2
852,NO,1,0,1,1,0,0,1,1,2,0,0,0,0
853,NO,0,0,1,1,1,1,0,0,1,0,1,0,2
854,NO,1,0,1,1,1,0,1,0,1,0,1,0,2
855,NO,1,0,1,1,1,0,0,1,1,0,0,3,2
856,NO,1,0,1,0,1,0,1,0,1,0,0,0,0
857,NO,1,0,1,1,1,0,1,0,1,0,0,4,2
858,NO,1,0,1,1,0,0,1,0,1,3,0,1,0
859,NO,1,0,0,1,0,0,0,0,2,0,2,0,0
860,NO,0,0,1,1,1,0,0,1,1,0,0,0,2
861,NO,1,0,1,1,1,0,1,1,1,0,1,0,0
862,NO,1,0,1,1,1,0,1,0,1,0,0,2,1
863,NO,1,0,1,1,1,0,0,0,1,0,0,0,0
864,NO,1,0,1,1,1,1,0,0,1,0,0,0,2
865,NO,1,0,0,1,0,0,1,0,4,1,2,3,0
866,NO,1,0,1,1,1,0,1,0,1,0,1,0,0
867,NO,1,0,1,1,0,0,0,1,1,0,1,4,2
868,NO,1,1,1,1,1,0,1,0,1,0,0,1,1
869,NO,1,0,1,1,1,0,1,0,2,0,0,0,2
870,NO,1,0,1,1,1,0,1,0,1,0,0,3,2
871,NO,1,0,1,1,1,0,0,0,1,0,0,0,0
872,NO,1,0,1,1,1,0,1,0,1,0,1,0,2
873,NO,0,0,1,1,1,0,0,0,1,1,1,0,1
874,NO,1,0,1,1,1,0,1,0,1,0,0,2,0
875,NO,1,0,1,1,1,0,0,0,1,0,1,0,0
876,NO,1,0,1,1,1,0,0,1,1,0,0,4,2
877,NO,1,0,1,1,1,0,1,0,1,0,0,0,2
878,NO,1,0,1,1,1,0,0,1,2,0,1,0,0
879,NO,0,0,1,1,1,0,0,1,1,0,0,0,0
880,NO,0,0,1,1,1,0,0,1,1,0,0,0,0
881,NO,1,0,1,1,1,0,1,1,1,0,0,0,0
882,NO,1,0,1,1,0,0,0,0,1,0,0,4,2
883,NO,1,0,1,1,0,0,0,0,1,0,0,4,2
884,NO,1,0,1,1,0,0,0,0,1,0,0,4,0
885,NO,1,0,1,1,1,0,1,1,2,0,0,0,0
886,NO,1,0,1,1,1,0,0,1,1,0,1,2,2
887,NO,1,0,1,1,1,0,0,1,1,0,1,0,0
888,NO,1,0,1,1,1,0,0,1,1,0,0,0,2
889,NO,1,0,0,1,0,1,1,1,1,0,0,0,0
890,NO,1,0,1,1,1,0,1,1,1,0,0,4,2
891,NO,0,0,1,1,1,0,0,1,1,0,0,0,0
892,NO,1,1,1,1,1,0,0,1,1,0,1,0,2
893,NO,1,0,1,1,0,1,1,0,1,0,1,0,0
894,NO,1,0,1,1,1,1,1,0,1,1,0,0,2
895,NO,1,0,1,1,1,0,1,1,3,0,1,0,0
896,NO,1,0,1,1,1,0,1,1,1,0,0,0,2
897,NO,0,0,1,1,1,0,0,0,1,0,1,0,1
898,NO,1,0,1,1,1,0,0,0,1,0,1,0,0
899,NO,1,0,1,1,1,0,0,0,1,0,1,0,0
900,NO,1,0,1,1,1,1,1,0,1,1,0,0,1
901,NO,0,0,1,1,1,0,0,0,1,0,0,0,0
902,NO,1,0,1,1,1,0,1,1,1,0,1,0,2
903,NO,0,0,1,1,1,0,0,1,1,0,0,0,1
904,NO,1,0,1,1,1,0,1,1,2,0,2,0,0
905,NO,1,0,1,1,1,0,1,0,1,0,0,2,0
906,NO,1,0,1,1,1,0,0,1,1,2,1,0,2
907,NO,0,0,1,1,1,0,0,0,1,0,0,0,1
908,NO,1,0,1,1,1,0,1,1,1,0,0,0,2
909,NO,0,0,1,1,1,0,0,1,6,0,2,0,2
910,NO,0,0,1,1,1,1,0,0,1,0,0,2,0
911,NO,1,0,1,1,0,0,0,0,1,0,0,4,2
912,NO,1,0,1,1,1,0,1,0,1,0,0,0,0
913,NO,1,0,1,1,1,0,1,1,1,0,1,2,2
914,NO,1,0,1,1,1,1,1,0,1,0,0,0,0
915,NO,1,0,1,1,1,0,0,0,1,0,0,0,1
916,NO,0,0,1,1,1,1,0,1,1,0,1,0,1
917,NO,1,0,1,1,1,0,1,0,1,0,0,0,2
918,NO,0,0,1,1,1,0,0,0,1,0,0,0,0
919,NO,1,0,1,1,1,0,1,0,1,1,0,0,2
920,NO,1,0,1,1,1,0,0,1,1,0,1,2,2
921,NO,1,0,1,1,1,0,1,0,1,0,1,1,2
922,NO,1,0,1,1,1,0,0,1,1,0,0,0,1
923,NO,0,0,1,1,1,0,0,1,1,0,0,0,1
924,NO,1,0,1,1,1,0,1,1,1,1,0,4,0
925,NO,1,0,1,1,1,0,1,1,1,0,1,0,0
926,NO,1,0,1,1,1,0,0,0,1,0,0,0,2
927,NO,0,0,1,1,1,0,0,0,1,0,0,0,0
928,NO,1,0,1,1,1,0,1,1,1,0,0,0,2
929,NO,1,0,1,1,1,0,0,1,1,0,0,0,1
930,NO,0,0,1,1,1,0,0,1,1,0,0,0,1
931,NO,1,0,1,1,0,0,0,1,1,0,0,4,2
932,NO,1,0,0,1,0,0,1,1,2,0,0,1,0
933,NO,1,0,1,1,1,0,1,1,2,0,1,0,0
934,NO,1,0,1,1,1,0,1,1,1,0,1,1,0
935,NO,1,0,1,1,0,0,1,1,3,0,3,0,0
936,NO,1,0,1,1,1,0,1,0,1,0,0,0,2
937,NO,1,0,1,1,1,0,1,1,1,0,0,0,2
938,NO,0,0,1,1,1,0,0,1,1,0,0,0,0
939,NO,1,0,1,1,1,1,1,1,1,0,1,0,0
940,NO,1,1,1,1,1,0,1,0,1,0,0,0,2
941,NO,0,0,1,1,1,1,0,1,1,0,0,1,0
942,NO,1,0,1,1,1,0,1,1,1,0,1,0,2
943,NO,1,0,1,1,0,0,1,0,1,0,1,1,0
944,NO,1,0,1,1,1,0,1,0,1,0,0,1,0
945,NO,1,0,1,1,1,0,1,1,1,0,0,0,2
946,NO,1,0,1,1,1,0,1,0,1,0,0,0,0
947,NO,1,0,1,1,1,0,1,1,2,1,2,0,0
948,NO,1,0,1,1,0,0,1,1,2,0,0,4,2
949,NO,1,0,1,1,0,0,0,0,1,0,1,4,2
950,NO,1,0,1,1,1,0,1,0,1,0,1,1,2
951,NO,1,0,1,1,1,0,1,1,1,0,1,0,2
952,NO,0,0,1,1,1,0,0,0,1,0,1,0,0
953,NO,1,0,1,1,1,0,1,0,1,0,0,0,0
954,NO,1,0,1,1,1,0,0,0,1,0,1,0,0
955,NO,0,0,1,1,1,0,0,1,1,0,0,0,0
956,NO,1,0,1,1,1,0,0,0,1,0,0,0,2
957,NO,1,0,1,1,1,1,1,1,2,0,0,1,2
958,NO,1,0,1,1,1,0,1,0,1,0,0,1,0
959,NO,1,0,1,1,1,0,1,1,1,0,0,0,2
960,NO,1,0,1,1,1,0,1,1,2,1,1,0,0
961,NO,1,0,1,1,1,0,1,1,1,0,0,0,2
962,NO,1,0,1,1,1,0,1,0,1,0,1,0,0
963,NO,0,0,1,1,1,0,0,0,1,0,0,0,0
964,NO,1,0,1,1,0,0,1,1,3,0,0,1,0
965,NO,1,0,1,0,1,0,1,0,1,1,1,0,0
966,NO,0,0,1,1,1,0,0,0,1,0,1,0,2
967,NO,0,0,1,1,1,0,0,0,1,0,1,1,2
968,NO,1,0,0,1,0,0,1,1,1,0,1,0,0
969,NO,1,0,1,1,1,0,1,0,1,1,1,0,0
970,NO,0,0,1,1,1,0,0,0,1,0,0,0,2
971,NO,1,0,1,1,1,0,1,1,2,2,2,0,0
972,NO,1,0,1,1,1,0,0,1,1,0,0,0,0
973,NO,0,0,1,1,1,0,0,1,1,0,0,0,0
974,NO,0,0,1,1,1,0,0,1,1,1,0,0,1
975,NO,1,0,1,1,1,0,1,0,1,0,0,0,0
976,NO,1,0,1,1,1,0,1,1,1,0,0,0,2
977,NO,1,0,1,1,1,0,1,1,2,0,1,0,2
978,NO,0,0,1,1,1,0,0,0,1,0,0,1,1
979,NO,0,0,1,1,1,0,0,0,1,0,1,0,1
980,NO,1,0,1,1,1,0,0,0,1,0,1,0,1
981,NO,1,1,1,1,1,0,1,1,2,0,1,0,0
982,NO,1,0,1,1,1,0,1,0,2,2,0,0,2
983,NO,1,0,1,0,1,0,1,0,1,0,0,0,2
984,NO,1,0,1,1,1,0,0,1,1,0,1,0,2
985,NO,1,0,1,1,1,0,1,1,1,0,0,0,0
986,NO,0,0,1,1,1,0,0,1,1,0,0,0,1
987,NO,1,0,1,1,1,0,1,0,2,0,0,0,0
988,NO,1,0,1,1,1,0,1,0,1,1,0,1,0
989,NO,0,0,1,1,1,1,0,1,1,0,0,0,2
990,NO,1,0,1,1,1,0,0,1,1,0,0,0,2
991,NO,1,0,1,1,1,0,1,1,3,0,0,2,0
992,NO,1,1,1,1,1,0,1,0,1,0,0,1,1
993,NO,1,0,1,1,1,0,0,0,1,0,0,0,0
994,NO,1,0,1,1,1,0,1,0,1,0,0,2,2
995,NO,1,0,1,1,1,0,1,0,2,0,1,2,0
996,NO,0,0,1,1,1,0,0,1,1,0,1,0,2
997,NO,0,0,1,1,1,0,0,0,1,0,0,0,2
998,NO,1,0,1,1,1,0,1,0,1,0,0,2,0
999,NO,1,0,1,1,1,0,1,0,2,0,1,2,0
1000,NO,1,0,1,1,1,0,1,0,1,0,1,1,0